Path no.	a	b	c	E_P	R_P	I_P	E	crash	S	Length	No. pixel
1.0	0.3333333333333333	0.3333333333333333	0.3333333333333333	50.39493908288358	0.8242944686898149	60.44307524518081	75740.2538050301	0.27550383967054926	0.5277884746470249	719.589066429186	128.0
2.0	0.30380826716022774	0.30380826716022774	0.3923834656795445	55.4905815384199	2.6872588592500897	53.58215976011252	83398.66673112275	0.6521134638952149	0.581389376874121	778.7974282029026	128.0
3.0	0.2726206628903694	0.2726206628903694	0.4547586742192613	55.79946955171082	2.7576578270616436	53.33355958075117	83862.90494531144	0.6617748010604474	0.5833315657753815	782.7446523211503	128.0
4.0	0.24070663630827838	0.24070663630827838	0.5185867273834431	56.053172435806495	2.7576791421771962	53.19699413389753	84244.20356739868	0.6617776030121418	0.5843984833289255	786.6918764393982	128.0
5.0	0.20909306417365262	0.20909306417365262	0.5818138716526947	56.228501935809255	2.710116525945017	53.15075976461958	84507.71218694236	0.6554131436588533	0.5879786064758172	789.4829853802744	129.0
6.0	0.17876891510895462	0.17876891510895462	0.6424621697820907	57.799086521575404	2.9158659517342267	52.54325512392097	86868.19673783249	0.6826028086570035	0.6049379313990905	812.4890934985224	133.0
7.0	0.15056638178790074	0.15056638178790074	0.6988672364241985	57.799086521575404	2.9158659517342267	52.54325512392097	86868.19673783249	0.6826028086570035	0.6049379313990905	812.4890934985224	133.0
8.0	0.12508063787386264	0.12508063787386264	0.7498387242522747	57.799086521575404	2.9158659517342267	52.54325512392097	86868.19673783249	0.6826028086570035	0.6049379313990905	812.4890934985224	133.0
9.0	0.10264161723118406	0.10264161723118406	0.7947167655376318	58.132722074308155	3.3042436240766593	52.434032147684775	87369.62886380054	0.7281250263937635	0.605759156784325	816.4363176167702	133.0
10.0	0.08333333333333333	0.08333333333333333	0.8333333333333334	58.132722074308155	3.3042436240766593	52.434032147684775	87369.62886380054	0.7281250263937635	0.605759156784325	816.4363176167702	133.0
11.0	0.30380826716022774	0.3923834656795445	0.30380826716022774	50.35659239256756	0.8029878315493173	60.5081631074936	75682.62127069283	0.2693800324247432	0.5272799757227062	719.589066429186	128.0
12.0	0.27908799279413005	0.360456003602935	0.360456003602935	55.4905815384199	2.6872588592500897	53.58215976011252	83398.66673112275	0.6521134638952149	0.581389376874121	778.7974282029026	128.0
13.0	0.2525475607518618	0.3261777174893931	0.42127472175874514	55.79946955171082	2.7576578270616436	53.33355958075117	83862.90494531144	0.6617748010604474	0.5833315657753815	782.7446523211503	128.0
14.0	0.22492206902727188	0.2904980229066276	0.48457990806610046	56.053172435806495	2.7576791421771962	53.19699413389753	84244.20356739868	0.6617776030121418	0.5843984833289255	786.6918764393982	128.0
15.0	0.19707893282386293	0.25453722967015097	0.5483838375059861	56.228501935809255	2.710116525945017	53.15075976461958	84507.71218694236	0.6554131436588533	0.5879786064758172	789.4829853802744	129.0
16.0	0.1699130442980791	0.21945113544484318	0.6106358202570776	57.799086521575404	2.9158659517342267	52.54325512392097	86868.19673783249	0.6826028086570035	0.6049379313990905	812.4890934985224	133.0
17.0	0.14423482239651478	0.18628643654969992	0.6694787410537852	57.799086521575404	2.9158659517342267	52.54325512392097	86868.19673783249	0.6826028086570035	0.6049379313990905	812.4890934985224	133.0
18.0	0.12067978194866266	0.15586393194986448	0.7234562861014728	57.799086521575404	2.9158659517342267	52.54325512392097	86868.19673783249	0.6826028086570035	0.6049379313990905	812.4890934985224	133.0
19.0	0.09965929981614352	0.12871493529315806	0.7716257648906985	58.11542633015915	3.2127140861833072	52.45078638536506	87343.63450652116	0.7179263344949143	0.6056331850724431	816.4363176167702	133.0
20.0	0.08135670661985557	0.10507622718158866	0.8135670661985558	58.132722074308155	3.3042436240766593	52.434032147684775	87369.62886380054	0.7281250263937635	0.605759156784325	816.4363176167702	133.0
21.0	0.2726206628903694	0.4547586742192613	0.2726206628903694	50.35659239256756	0.8029878315493173	60.5081631074936	75682.62127069283	0.2693800324247432	0.5272799757227062	719.589066429186	128.0
22.0	0.2525475607518618	0.42127472175874514	0.3261777174893931	55.480863230162484	2.6135487757472884	53.6724908376882	83384.06075783719	0.6418519466362258	0.5806836653305609	778.7974282029027	128.0
23.0	0.2306166118319001	0.38469169408405	0.38469169408405	55.78433863644463	2.687280174365642	53.40169593941664	83840.16418238128	0.6521163458841155	0.5827992504733075	782.7446523211503	128.0
24.0	0.20735981239767615	0.345897014454267	0.446743173148057	56.228501935809255	2.710116525945017	53.15075976461958	84507.71218694236	0.6554131436588533	0.5879786064758172	789.4829853802744	129.0
25.0	0.1834640229103635	0.30603643517366125	0.5104995419159752	56.228501935809255	2.710116525945017	53.15075976461958	84507.71218694236	0.6554131436588533	0.5879786064758172	789.4829853802744	129.0
26.0	0.15969557676781265	0.2663882773948615	0.573916145837326	57.94900913571936	2.73081420886192	52.57844472736906	87093.52049162652	0.6582988354322122	0.6076235468106786	815.2802024393986	134.0
27.0	0.13680471895193544	0.2282040251752266	0.634991255872838	57.964893925332916	2.81471806993038	52.54325512392097	87117.39427774206	0.6696039052394853	0.6078861557916345	815.2802024393985	134.0
28.0	0.11543421159964617	0.19255587038063504	0.6920099180197187	57.964893925332916	2.81471806993038	52.54325512392097	87117.39427774206	0.6696039052394853	0.6078861557916345	815.2802024393985	134.0
29.0	0.09605467557532285	0.16022885592777342	0.7437164684969036	57.964893925332916	2.81471806993038	52.54325512392097	87117.39427774206	0.6696039052394853	0.6078861557916345	815.2802024393985	134.0
30.0	0.07893843256638876	0.1316772417697237	0.7893843256638876	58.6641336061419	2.8549251839451655	52.45078638536506	88168.30517988479	0.6750410265240344	0.6114756564047032	825.9657596167701	135.0
31.0	0.24070663630827838	0.5185867273834431	0.24070663630827838	50.33232682759551	0.7637342714110181	60.598494185069285	75646.15173460146	0.25802817479933104	0.5265742641791462	719.589066429186	128.0
32.0	0.22492206902727188	0.48457990806610046	0.2904980229066276	51.401206165369175	0.6735103102658476	59.871505802431784	77252.6065454066	0.2312697093878887	0.5322538609185017	735.3779629021772	128.0
33.0	0.20735981239767612	0.4467431731480569	0.34589701445426696	56.437304774194004	2.3890367313075367	53.35546157013869	84821.52901581998	0.6089419462316035	0.5863917707741186	793.4302094985221	129.0
34.0	0.18836402412823885	0.4058179879358806	0.4058179879358806	56.69100765828968	2.389058046423089	53.21889612328505	85202.82763790723	0.6089451858653739	0.5874504176489531	797.3774336167701	129.0
35.0	0.16843540425738773	0.3628830779616602	0.4686815177809522	56.70613857355587	2.459435699119091	53.15075976461958	85225.5684008374	0.6198022219724791	0.5879786064758172	797.3774336167701	129.0
36.0	0.1481866030362502	0.3192583581792815	0.5325550387844683	58.11746968821466	2.637441466249875	52.57844472736906	87346.70553826672	0.6454986013576806	0.6105300390565255	818.0713113802747	135.0
37.0	0.12827052111465376	0.2763504603978773	0.595379018487469	58.11746968821466	2.637441466249875	52.57844472736906	87346.70553826672	0.6454986013576806	0.6105300390565255	818.0713113802747	135.0
38.0	0.10929825153192438	0.23547594466020838	0.6552258038078672	58.13335447782822	2.7213453273183354	52.54325512392097	87370.57932438227	0.6572271626679602	0.6107907027857706	818.0713113802747	135.0
39.0	0.0917677743469281	0.1977076764800399	0.710524549173032	58.13335447782822	2.7213453273183354	52.54325512392097	87370.57932438227	0.6572271626679602	0.6107907027857706	818.0713113802747	135.0
40.0	0.07601999048714546	0.16378010464139997	0.7601999048714545	58.83259415863721	2.7615524413331207	52.45078638536506	88421.49022652498	0.662867960241473	0.6143324530487864	828.7568685576464	136.0
41.0	0.20909306417365262	0.5818138716526947	0.20909306417365262	50.82425364506905	0.6342141198964442	60.462348593333445	76385.48514162608	0.2193127856420306	0.5276379016145825	727.4835146656815	128.0
42.0	0.19707893282386293	0.5483838375059861	0.25453722967015097	51.8794169747253	0.5904197023986156	59.650631314078055	77971.32570118079	0.20574198767000984	0.5339794428587652	743.2724111386727	128.0
43.0	0.1834640229103635	0.5104995419159752	0.30603643517366125	56.292410254256666	2.1598329609328126	53.80638953889161	84603.7621544103	0.5731288604135119	0.58610469585468	792.2740943211506	130.0
44.0	0.16843540425738773	0.4686815177809522	0.3628830779616602	56.86264667400731	2.32124408922299	53.21889612328505	85460.78970413611	0.5984173226015392	0.5906238759747304	800.1685425576462	130.0
45.0	0.15232016811753976	0.4238399159412301	0.4238399159412301	56.86264667400731	2.32124408922299	53.21889612328505	85460.78970413611	0.5984173226015392	0.5906238759747304	800.1685425576462	130.0
46.0	0.135567980503551	0.37722595878838805	0.487206060708061	58.28910870393229	2.569627509049777	52.57844472736906	87604.6676044956	0.6359548184483623	0.6133937887693451	820.8624203211507	136.0
47.0	0.11870636318434541	0.33030750698041395	0.5509861298352406	58.28910870393229	2.569627509049777	52.57844472736906	87604.6676044956	0.6359548184483623	0.6133937887693451	820.8624203211507	136.0
48.0	0.10227665894025084	0.2845908789605263	0.6131324620992228	58.28910870393229	2.569627509049777	52.57844472736906	87604.6676044956	0.6359548184483623	0.6133937887693451	820.8624203211507	136.0
49.0	0.0867664185605949	0.2414327137616221	0.6718008676777829	58.30499349354585	2.653531370118237	52.54325512392097	87628.54139061114	0.6479991326538708	0.6136525358535223	820.8624203211507	136.0
50.0	0.07255546454164827	0.20188989004186905	0.7255546454164827	59.06930100919932	2.6542475960266065	52.45078638536506	88777.24493652627	0.6482035001783064	0.6143324530487864	832.7040926758941	136.0
51.0	0.17876891510895462	0.6424621697820907	0.17876891510895462	50.80439361622928	0.5828610683949312	60.65107418403932	76355.6368343898	0.2034638320455363	0.5261634829371928	727.4835146656815	128.0
52.0	0.1699130442980791	0.6106358202570776	0.21945113544484318	52.252344657276026	0.533623113785872	59.51406586722442	78531.81129440392	0.1879313972101767	0.5421994933290429	748.8546290204249	130.0
53.0	0.15969557676781262	0.5739161458373259	0.2663882773948615	52.252344657276026	0.533623113785872	59.51406586722442	78531.81129440392	0.1879313972101767	0.5421994933290429	748.8546290204249	130.0
54.0	0.14818660303625017	0.5325550387844682	0.31925835817928144	57.209526733438324	2.2217965349018027	53.21889612328505	85982.12744596766	0.5824704467225359	0.5968265445205678	805.7507604393985	132.0
55.0	0.135567980503551	0.48720606070806094	0.377225958788388	57.209526733438324	2.2217965349018027	53.21889612328505	85982.12744596766	0.5824704467225359	0.5968265445205678	805.7507604393985	132.0
56.0	0.12213550519427399	0.43893224740286296	0.43893224740286296	57.386464385020844	2.209307311414365	53.172661754007095	86248.05301076466	0.5804358513809814	0.6002055507217512	808.5418693802746	133.0
57.0	0.10827898408105553	0.38913449249338117	0.5025865234255632	58.80898590867398	2.4161258305281836	52.57844472736906	88386.0085913321	0.6134191788622181	0.6217378077167693	829.235747143779	139.0
58.0	0.09444069051152175	0.3394022439794509	0.5661570655090273	58.80898590867398	2.4161258305281836	52.57844472736906	88386.0085913321	0.6134191788622181	0.6217378077167693	829.235747143779	139.0
59.0	0.0810605936254258	0.2913166689671695	0.6276227374074046	59.54290801089474	2.3072175154543944	52.532210358091106	89489.04487447746	0.5966213813636624	0.6220704290784813	841.0774194985224	139.0
60.0	0.06852218501872379	0.2462559647940383	0.6852218501872379	59.8335926980876	2.4336193014501104	52.45078638536506	89925.92469586217	0.6163877205657924	0.6226562130549276	845.0246436167702	139.0
61.0	0.15056638178790074	0.6988672364241985	0.15056638178790074	51.41573596372086	0.45180639459260624	60.56074310646363	77274.44386944984	0.1616628418074928	0.5341481299502797	737.0129566656815	130.0
62.0	0.14423482239651478	0.6694787410537852	0.18628643654969992	52.490759322216874	0.4593650285962906	59.56030023650237	78890.1327362408	0.1640605515273741	0.5418438443345972	752.8018531386728	130.0
63.0	0.13680471895193544	0.634991255872838	0.2282040251752266	52.49377729633129	0.471869324254836	59.51406586722442	78894.66855133578	0.16811915158783053	0.5421994933290429	752.8018531386728	130.0
64.0	0.12827052111465376	0.595379018487469	0.2763504603978773	56.892993197783355	2.060406721727178	53.66982409203797	85506.3985183291	0.5561814546997779	0.5934104235451669	801.8035363211507	132.0
65.0	0.11870636318434541	0.5509861298352406	0.33030750698041395	57.386464385020844	2.209307311414365	53.172661754007095	86248.05301076466	0.5804358513809814	0.6002055507217512	808.5418693802746	133.0
66.0	0.10827898408105556	0.5025865234255633	0.3891344924933812	57.386464385020844	2.209307311414365	53.172661754007095	86248.05301076466	0.5804358513809814	0.6002055507217512	808.5418693802746	133.0
67.0	0.09724620466173507	0.45137689766913247	0.45137689766913247	58.79385499340779	2.3457481778321814	52.64658108603453	88363.26782840193	0.6023798667568656	0.6212476180860825	829.235747143779	139.0
68.0	0.08593700001798064	0.3988842196776401	0.5151787803043794	59.54290801089474	2.3072175154543944	52.532210358091106	89489.04487447746	0.5966213813636624	0.6220704290784813	841.0774194985224	139.0
69.0	0.07471481917380624	0.34679547038253694	0.5784897104436569	59.54290801089474	2.3072175154543944	52.532210358091106	89489.04487447746	0.5966213813636624	0.6220704290784813	841.0774194985224	139.0
70.0	0.06393212420026434	0.2967466337970922	0.6393212420026434	59.991589318438734	2.307253902741054	52.48597598881315	90163.38314592697	0.5966270859869802	0.6251001715084774	847.8157525576463	140.0
71.0	0.12508063787386264	0.7498387242522747	0.12508063787386264	52.13733640708026	0.30138127729937103	60.64597856654291	78358.9615158741	0.1108393114271976	0.5334924725650545	748.8546290204247	130.0
72.0	0.12067978194866266	0.7234562861014728	0.15586393194986448	53.38869840232952	0.28780829781234923	59.612258430854126	80239.67566786995	0.10604612299921434	0.5449445921308845	767.4346344342921	131.0
73.0	0.11543421159964617	0.6920099180197187	0.19255587038063504	53.38869840232952	0.28780829781234923	59.612258430854126	80239.67566786995	0.10604612299921434	0.5449445921308845	767.4346344342921	131.0
74.0	0.10929825153192438	0.6552258038078672	0.23547594466020838	53.15318429838406	0.3500663059609092	59.530826261790935	79885.71357699104	0.12747105916222634	0.5455662117420539	763.4874103160442	131.0
75.0	0.10227665894025084	0.6131324620992228	0.2845908789605263	58.07295749317683	1.9074902637127382	53.494999854214484	87279.80665891618	0.5288797589668888	0.5977819559833497	820.3835417350181	133.0
76.0	0.09444069051152175	0.5661570655090273	0.3394022439794509	58.102297723580065	2.0688587617718097	53.172661754007095	87323.90308085617	0.5567822583182329	0.6002055507217512	820.3835417350178	133.0
77.0	0.08593700001798064	0.5151787803043794	0.3988842196776401	59.694275546725834	2.132502486902893	52.69067779433226	89716.54024981333	0.567651837412043	0.6236380157547696	843.8685284393985	140.0
78.0	0.07698416085601245	0.4615079195719938	0.4615079195719938	59.704015368706166	2.2066371118441204	52.600346716756576	89731.17855679874	0.5801817238868756	0.624283237737453	843.8685284393985	140.0
79.0	0.06785420882418662	0.4067752950795238	0.5253704960962896	59.71914628397236	2.2770147645401226	52.532210358091106	89753.9193197289	0.5918373333243131	0.624769926013635	843.8685284393985	140.0
80.0	0.05884138083729406	0.3527448107897652	0.5884138083729407	60.167827591516364	2.2770511518267824	52.48597598881315	90428.25759117842	0.5918431056041469	0.6277590355403322	850.6068614985224	141.0
81.0	0.10264161723118406	0.7947167655376318	0.10264161723118406	52.815350380315614	0.21107503591309762	60.553509827987	79377.97158614612	0.07892488092443195	0.5377594669619312	759.5401861977965	131.0
82.0	0.09965929981614352	0.7716257648906985	0.12871493529315806	53.372927371495045	0.24442694822705624	59.84721839083795	80215.97285366067	0.09079890962685522	0.543151004650092	767.4346344342921	131.0
83.0	0.09605467557532285	0.7437164684969036	0.16022885592777342	53.38869840232952	0.28780829781234923	59.612258430854126	80239.67566786995	0.10604612299921434	0.5449445921308845	767.4346344342921	131.0
84.0	0.0917677743469281	0.710524549173032	0.1977076764800399	53.568654028026444	0.28782336998345676	59.51978969229822	80510.13704776192	0.10605135967062906	0.5490925023310741	770.2257433751681	132.0
85.0	0.0867664185605949	0.6718008676777829	0.2414327137616221	53.568654028026444	0.28782336998345676	59.51978969229822	80510.13704776192	0.10605135967062906	0.5490925023310741	770.2257433751681	132.0
86.0	0.0810605936254258	0.6276227374074046	0.2913166689671695	58.56747605345067	1.81549111541171	53.54123422349244	88023.0352836167	0.5116001065385949	0.5974343291466734	828.2779899715136	133.0
87.0	0.07471481917380624	0.5784897104436569	0.34679547038253694	60.04864944911894	2.083379326267978	52.69067779433226	90249.14074100529	0.5592855329810728	0.628938888772308	849.4507463211507	142.0
88.0	0.06785420882418662	0.5253704960962896	0.4067752950795238	60.04864944911894	2.083379326267978	52.69067779433226	90249.14074100529	0.5592855329810728	0.628938888772308	849.4507463211507	142.0
89.0	0.06066020018904909	0.4696698999054755	0.4696698999054755	59.88141540104131	2.1803710611447054	52.600346716756576	89997.79904922529	0.5758598262612142	0.6269478956258399	846.6596373802747	141.0
90.0	0.053354285698451125	0.4131028573170375	0.5335428569845113	60.34522762385151	2.2507851011273674	52.48597598881315	90694.87808360497	0.5876412582498136	0.630380450783006	853.3979704393985	142.0
91.0	0.08333333333333333	0.8333333333333334	0.08333333333333333	53.05846077760495	0.17883023960189434	60.60748668892393	79743.35040251995	0.06727109126148922	0.5373474298555425	763.4874103160442	131.0
92.0	0.08135670661985557	0.8135670661985558	0.10507622718158866	53.36746490657905	0.21111766614420202	60.06595521821146	80207.76313088556	0.07894014174656294	0.5414812578762485	767.4346344342921	131.0
93.0	0.07893843256638874	0.7893843256638875	0.1316772417697237	53.372927371495045	0.24442694822705624	59.84721839083795	80215.97285366067	0.09079890962685522	0.543151004650092	767.4346344342921	131.0
94.0	0.07601999048714546	0.7601999048714545	0.16378010464139997	53.82002326235621	0.257512470486118	59.51978969229822	80887.9283489003	0.09542063844342508	0.5490925023310741	774.172967493416	132.0
95.0	0.07255546454164827	0.7255546454164827	0.20188989004186905	53.82002326235621	0.257512470486118	59.51978969229822	80887.9283489003	0.09542063844342508	0.5490925023310741	774.172967493416	132.0
96.0	0.06852218501872379	0.6852218501872379	0.2462559647940383	58.539349578601	1.7073680415656975	53.84725314093754	87980.76305583901	0.48974609625990617	0.5951334350305448	828.2779899715135	133.0
97.0	0.06393212420026434	0.6393212420026434	0.2967466337970922	60.513827778989544	1.8300116799078776	53.0592502638176	90948.27294376584	0.5143585680433088	0.6263433080012845	857.3451945576462	142.0
98.0	0.05884138083729406	0.5884138083729407	0.3527448107897652	60.90755662200074	1.989743774133444	52.69067779433226	91540.02130268305	0.5428600256300711	0.6340925153171371	862.9274124393984	144.0
99.0	0.053354285698451125	0.5335428569845113	0.4131028573170375	60.90755662200074	1.989743774133444	52.69067779433226	91540.02130268305	0.5428600256300711	0.6340925153171371	862.9274124393984	144.0
100.0	0.047619047619047616	0.47619047619047616	0.47619047619047616	61.18664734806232	2.0867718962968316	52.55411234747862	91959.47616881094	0.5600582675887409	0.6350408864758429	866.8746365576462	144.0
101.0	0.3923834656795445	0.30380826716022774	0.30380826716022774	50.35659239256756	0.8029878315493173	60.5081631074936	75682.62127069283	0.2693800324247432	0.5272799757227062	719.589066429186	128.0
102.0	0.360456003602935	0.27908799279413005	0.360456003602935	55.4905815384199	2.6872588592500897	53.58215976011252	83398.66673112275	0.6521134638952149	0.581389376874121	778.7974282029026	128.0
103.0	0.3261777174893931	0.2525475607518618	0.42127472175874514	55.50300130783592	2.7576365119460915	53.52818156094145	83417.3328215058	0.6617719990855404	0.5818110815551449	778.7974282029026	128.0
104.0	0.2904980229066276	0.22492206902727188	0.48457990806610046	55.79946955171082	2.7576578270616436	53.33355958075117	83862.90494531144	0.6617748010604474	0.5833315657753815	782.7446523211503	128.0
105.0	0.25453722967015097	0.19707893282386293	0.5483838375059861	56.053172435806495	2.7576791421771962	53.19699413389753	84244.20356739868	0.6617776030121418	0.5843984833289255	786.6918764393982	128.0
106.0	0.21945113544484318	0.1699130442980791	0.6106358202570776	56.927739292898266	3.2456205564630127	52.71789524299675	85558.61959668796	0.7217363343072489	0.5881414434140879	798.5335487941417	128.0
107.0	0.18628643654969992	0.14423482239651478	0.6694787410537852	57.10306879290101	3.198057940230834	52.67166087371879	85822.1282162316	0.7165001411823385	0.591692551366521	801.3246577350178	129.0
108.0	0.15586393194986448	0.12067978194866266	0.7234562861014728	57.799086521575404	2.9158659517342267	52.54325512392097	86868.19673783249	0.6826028086570035	0.6049379313990905	812.4890934985224	133.0
109.0	0.12871493529315806	0.09965929981614352	0.7716257648906985	57.857922176728856	3.2617456991494027	52.48026651696273	86956.62282853138	0.7235745326753424	0.6054115299476486	812.4890934985224	133.0
110.0	0.10507622718158866	0.08135670661985557	0.8135670661985558	58.132722074308155	3.3042436240766593	52.434032147684775	87369.62886380054	0.7281250263937635	0.605759156784325	816.4363176167702	133.0
111.0	0.360456003602935	0.360456003602935	0.27908799279413005	50.35659239256756	0.8029878315493173	60.5081631074936	75682.62127069283	0.2693800324247432	0.5272799757227062	719.589066429186	128.0
114.0	0.27262066289036935	0.27262066289036935	0.45475867421926125	55.79946955171082	2.7576578270616436	53.33355958075117	83862.90494531144	0.6617748010604474	0.5833315657753815	782.7446523211503	128.0
115.0	0.24070663630827843	0.24070663630827843	0.5185867273834431	56.053172435806495	2.7576791421771962	53.19699413389753	84244.20356739868	0.6617776030121418	0.5843984833289255	786.6918764393982	128.0
116.0	0.2090930641736526	0.2090930641736526	0.5818138716526947	56.228501935809255	2.710116525945017	53.15075976461958	84507.71218694236	0.6554131436588533	0.5879786064758172	789.4829853802744	129.0
117.0	0.17876891510895465	0.17876891510895465	0.6424621697820907	57.799086521575404	2.9158659517342267	52.54325512392097	86868.19673783249	0.6826028086570035	0.6049379313990905	812.4890934985224	133.0
118.0	0.15056638178790077	0.15056638178790077	0.6988672364241985	57.799086521575404	2.9158659517342267	52.54325512392097	86868.19673783249	0.6826028086570035	0.6049379313990905	812.4890934985224	133.0
120.0	0.10264161723118405	0.10264161723118405	0.7947167655376319	58.132722074308155	3.3042436240766593	52.434032147684775	87369.62886380054	0.7281250263937635	0.605759156784325	816.4363176167702	133.0
121.0	0.3261777174893931	0.42127472175874514	0.2525475607518618	50.33232682759551	0.7637342714110181	60.598494185069285	75646.15173460146	0.25802817479933104	0.5265742641791462	719.589066429186	128.0
124.0	0.2525475607518618	0.32617771748939317	0.42127472175874514	55.79946955171082	2.7576578270616436	53.33355958075117	83862.90494531144	0.6617748010604474	0.5833315657753815	782.7446523211503	128.0
125.0	0.2249220690272719	0.29049802290662763	0.4845799080661005	56.053172435806495	2.7576791421771962	53.19699413389753	84244.20356739868	0.6617776030121418	0.5843984833289255	786.6918764393982	128.0
126.0	0.19707893282386293	0.25453722967015097	0.5483838375059862	56.228501935809255	2.710116525945017	53.15075976461958	84507.71218694236	0.6554131436588533	0.5879786064758172	789.4829853802744	129.0
127.0	0.16991304429807913	0.21945113544484324	0.6106358202570776	57.799086521575404	2.9158659517342267	52.54325512392097	86868.19673783249	0.6826028086570035	0.6049379313990905	812.4890934985224	133.0
128.0	0.14423482239651478	0.18628643654969995	0.6694787410537852	57.799086521575404	2.9158659517342267	52.54325512392097	86868.19673783249	0.6826028086570035	0.6049379313990905	812.4890934985224	133.0
129.0	0.12067978194866265	0.15586393194986448	0.7234562861014728	57.799086521575404	2.9158659517342267	52.54325512392097	86868.19673783249	0.6826028086570035	0.6049379313990905	812.4890934985224	133.0
130.0	0.09965929981614352	0.12871493529315806	0.7716257648906986	58.11542633015915	3.2127140861833072	52.45078638536506	87343.63450652116	0.7179263344949143	0.6056331850724431	816.4363176167702	133.0
131.0	0.2904980229066276	0.48457990806610046	0.22492206902727188	50.33232682759551	0.7637342714110181	60.598494185069285	75646.15173460146	0.25802817479933104	0.5265742641791462	719.589066429186	128.0
132.0	0.27262066289036935	0.45475867421926125	0.27262066289036935	50.35659239256756	0.8029878315493173	60.5081631074936	75682.62127069283	0.2693800324247432	0.5272799757227062	719.589066429186	128.0
133.0	0.25254756075186174	0.4212747217587451	0.3261777174893931	55.480863230162484	2.6135487757472884	53.6724908376882	83384.06075783719	0.6418519466362258	0.5806836653305609	778.7974282029027	128.0
134.0	0.23061661183190008	0.38469169408404996	0.38469169408404996	55.78433863644463	2.687280174365642	53.40169593941664	83840.16418238128	0.6521163458841155	0.5827992504733075	782.7446523211503	128.0
135.0	0.20735981239767615	0.345897014454267	0.44674317314805695	56.228501935809255	2.710116525945017	53.15075976461958	84507.71218694236	0.6554131436588533	0.5879786064758172	789.4829853802744	129.0
136.0	0.18346402291036348	0.30603643517366125	0.5104995419159752	56.228501935809255	2.710116525945017	53.15075976461958	84507.71218694236	0.6554131436588533	0.5879786064758172	789.4829853802744	129.0
137.0	0.15969557676781265	0.26638827739486154	0.5739161458373259	57.94900913571936	2.73081420886192	52.57844472736906	87093.52049162652	0.6582988354322122	0.6076235468106786	815.2802024393986	134.0
138.0	0.13680471895193544	0.2282040251752266	0.6349912558728379	57.964893925332916	2.81471806993038	52.54325512392097	87117.39427774206	0.6696039052394853	0.6078861557916345	815.2802024393985	134.0
139.0	0.11543421159964617	0.19255587038063504	0.6920099180197188	57.964893925332916	2.81471806993038	52.54325512392097	87117.39427774206	0.6696039052394853	0.6078861557916345	815.2802024393985	134.0
140.0	0.09605467557532285	0.16022885592777342	0.7437164684969038	57.964893925332916	2.81471806993038	52.54325512392097	87117.39427774206	0.6696039052394853	0.6078861557916345	815.2802024393985	134.0
141.0	0.25453722967015097	0.5483838375059861	0.19707893282386293	50.31083941721242	0.704234025569795	60.78721977577516	75613.85758075099	0.2405256145021667	0.5250998455017566	719.589066429186	128.0
142.0	0.24070663630827843	0.5185867273834431	0.24070663630827843	50.33232682759551	0.7637342714110181	60.598494185069285	75646.15173460146	0.25802817479933104	0.5265742641791462	719.589066429186	128.0
143.0	0.2249220690272719	0.4845799080661005	0.29049802290662763	51.401206165369175	0.6735103102658476	59.871505802431784	77252.6065454066	0.2312697093878887	0.5322538609185017	735.3779629021772	128.0
144.0	0.20735981239767615	0.44674317314805695	0.345897014454267	56.437304774194004	2.3890367313075367	53.35546157013869	84821.52901581998	0.6089419462316035	0.5863917707741186	793.4302094985221	129.0
145.0	0.18836402412823888	0.4058179879358806	0.4058179879358806	56.69100765828968	2.389058046423089	53.21889612328505	85202.82763790723	0.6089451858653739	0.5874504176489531	797.3774336167701	129.0
146.0	0.16843540425738773	0.36288307796166014	0.4686815177809522	56.70613857355587	2.459435699119091	53.15075976461958	85225.5684008374	0.6198022219724791	0.5879786064758172	797.3774336167701	129.0
147.0	0.14818660303625023	0.31925835817928155	0.5325550387844683	58.11746968821466	2.637441466249875	52.57844472736906	87346.70553826672	0.6454986013576806	0.6105300390565255	818.0713113802747	135.0
148.0	0.12827052111465376	0.27635046039787725	0.5953790184874689	58.11746968821466	2.637441466249875	52.57844472736906	87346.70553826672	0.6454986013576806	0.6105300390565255	818.0713113802747	135.0
149.0	0.10929825153192438	0.23547594466020835	0.6552258038078672	58.13335447782822	2.7213453273183354	52.54325512392097	87370.57932438227	0.6572271626679602	0.6107907027857706	818.0713113802747	135.0
150.0	0.0917677743469281	0.19770767648003987	0.7105245491730321	58.13335447782822	2.7213453273183354	52.54325512392097	87370.57932438227	0.6572271626679602	0.6107907027857706	818.0713113802747	135.0
151.0	0.21945113544484318	0.6106358202570776	0.1699130442980791	50.31083941721242	0.704234025569795	60.78721977577516	75613.85758075099	0.2405256145021667	0.5250998455017566	719.589066429186	128.0
152.0	0.2090930641736526	0.5818138716526947	0.2090930641736526	50.82425364506905	0.6342141198964442	60.462348593333445	76385.48514162608	0.2193127856420306	0.5276379016145825	727.4835146656815	128.0
153.0	0.1970789328238629	0.5483838375059861	0.25453722967015097	51.8794169747253	0.5904197023986156	59.650631314078055	77971.32570118079	0.20574198767000984	0.5339794428587652	743.2724111386727	128.0
154.0	0.18346402291036346	0.5104995419159752	0.3060364351736612	56.292410254256666	2.1598329609328126	53.80638953889161	84603.7621544103	0.5731288604135119	0.58610469585468	792.2740943211506	130.0
155.0	0.1684354042573877	0.46868151778095213	0.3628830779616601	56.86264667400731	2.32124408922299	53.21889612328505	85460.78970413611	0.5984173226015392	0.5906238759747304	800.1685425576462	130.0
156.0	0.15232016811753973	0.4238399159412301	0.4238399159412301	56.86264667400731	2.32124408922299	53.21889612328505	85460.78970413611	0.5984173226015392	0.5906238759747304	800.1685425576462	130.0
157.0	0.135567980503551	0.377225958788388	0.48720606070806083	58.28910870393229	2.569627509049777	52.57844472736906	87604.6676044956	0.6359548184483623	0.6133937887693451	820.8624203211507	136.0
158.0	0.11870636318434541	0.330307506980414	0.5509861298352405	58.28910870393229	2.569627509049777	52.57844472736906	87604.6676044956	0.6359548184483623	0.6133937887693451	820.8624203211507	136.0
159.0	0.10227665894025084	0.28459087896052637	0.6131324620992228	58.28910870393229	2.569627509049777	52.57844472736906	87604.6676044956	0.6359548184483623	0.6133937887693451	820.8624203211507	136.0
160.0	0.08676641856059489	0.24143271376162212	0.671800867677783	58.30499349354585	2.653531370118237	52.54325512392097	87628.54139061114	0.6479991326538708	0.6136525358535223	820.8624203211507	136.0
161.0	0.18628643654969992	0.6694787410537852	0.14423482239651478	50.77513713379159	0.5480419783599374	60.82571430311509	76311.6662800921	0.19256289979062768	0.5247991070069133	727.4835146656815	128.0
162.0	0.17876891510895465	0.6424621697820907	0.17876891510895465	50.80439361622928	0.5828610683949312	60.65107418403932	76355.6368343898	0.2034638320455363	0.5261634829371928	727.4835146656815	128.0
163.0	0.16991304429807913	0.6106358202570776	0.21945113544484324	52.252344657276026	0.533623113785872	59.51406586722442	78531.81129440392	0.1879313972101767	0.5421994933290429	748.8546290204249	130.0
164.0	0.15969557676781265	0.5739161458373259	0.26638827739486154	52.252344657276026	0.533623113785872	59.51406586722442	78531.81129440392	0.1879313972101767	0.5421994933290429	748.8546290204249	130.0
165.0	0.14818660303625023	0.5325550387844683	0.31925835817928155	57.209526733438324	2.2217965349018027	53.21889612328505	85982.12744596766	0.5824704467225359	0.5968265445205678	805.7507604393985	132.0
166.0	0.135567980503551	0.48720606070806094	0.3772259587883881	57.209526733438324	2.2217965349018027	53.21889612328505	85982.12744596766	0.5824704467225359	0.5968265445205678	805.7507604393985	132.0
167.0	0.12213550519427403	0.43893224740286296	0.43893224740286296	57.386464385020844	2.209307311414365	53.172661754007095	86248.05301076466	0.5804358513809814	0.6002055507217512	808.5418693802746	133.0
168.0	0.10827898408105557	0.3891344924933812	0.5025865234255633	58.80898590867398	2.4161258305281836	52.57844472736906	88386.0085913321	0.6134191788622181	0.6217378077167693	829.235747143779	139.0
169.0	0.09444069051152176	0.3394022439794509	0.5661570655090274	58.80898590867398	2.4161258305281836	52.57844472736906	88386.0085913321	0.6134191788622181	0.6217378077167693	829.235747143779	139.0
170.0	0.0810605936254258	0.29131666896716946	0.6276227374074047	59.54290801089474	2.3072175154543944	52.532210358091106	89489.04487447746	0.5966213813636624	0.6220704290784813	841.0774194985224	139.0
171.0	0.15586393194986448	0.7234562861014728	0.12067978194866266	51.015896980106604	0.47721705140533593	60.871948672393046	76673.51237412088	0.16992228073750903	0.5244379009969293	731.4307387839293	128.0
172.0	0.15056638178790077	0.6988672364241985	0.15056638178790077	51.41573596372086	0.45180639459260624	60.56074310646363	77274.44386944984	0.1616628418074928	0.5341481299502797	737.0129566656815	130.0
173.0	0.14423482239651478	0.6694787410537852	0.18628643654969995	52.490759322216874	0.4593650285962906	59.56030023650237	78890.1327362408	0.1640605515273741	0.5418438443345972	752.8018531386728	130.0
174.0	0.13680471895193544	0.6349912558728379	0.2282040251752266	52.49377729633129	0.471869324254836	59.51406586722442	78894.66855133578	0.16811915158783053	0.5421994933290429	752.8018531386728	130.0
175.0	0.12827052111465376	0.5953790184874689	0.27635046039787725	56.892993197783355	2.060406721727178	53.66982409203797	85506.3985183291	0.5561814546997779	0.5934104235451669	801.8035363211507	132.0
176.0	0.11870636318434541	0.5509861298352405	0.330307506980414	57.386464385020844	2.209307311414365	53.172661754007095	86248.05301076466	0.5804358513809814	0.6002055507217512	808.5418693802746	133.0
177.0	0.10827898408105557	0.5025865234255633	0.3891344924933812	57.386464385020844	2.209307311414365	53.172661754007095	86248.05301076466	0.5804358513809814	0.6002055507217512	808.5418693802746	133.0
178.0	0.0972462046617351	0.45137689766913247	0.45137689766913247	58.79385499340779	2.3457481778321814	52.64658108603453	88363.26782840193	0.6023798667568656	0.6212476180860825	829.235747143779	139.0
179.0	0.08593700001798064	0.39888421967764	0.5151787803043794	59.54290801089474	2.3072175154543944	52.532210358091106	89489.04487447746	0.5966213813636624	0.6220704290784813	841.0774194985224	139.0
180.0	0.07471481917380622	0.34679547038253683	0.5784897104436568	59.54290801089474	2.3072175154543944	52.532210358091106	89489.04487447746	0.5966213813636624	0.6220704290784813	841.0774194985224	139.0
181.0	0.12871493529315806	0.7716257648906985	0.09965929981614352	51.888328454505185	0.2606606645357982	61.262134548560425	77984.71906473256	0.0965659443350223	0.5250997321817021	746.0635200795485	129.0
183.0	0.12067978194866265	0.7234562861014728	0.15586393194986448	53.38869840232952	0.28780829781234923	59.612258430854126	80239.67566786995	0.10604612299921434	0.5449445921308845	767.4346344342921	131.0
184.0	0.11543421159964617	0.6920099180197188	0.19255587038063504	53.38869840232952	0.28780829781234923	59.612258430854126	80239.67566786995	0.10604612299921434	0.5449445921308845	767.4346344342921	131.0
185.0	0.10929825153192438	0.6552258038078672	0.23547594466020835	53.15318429838406	0.3500663059609092	59.530826261790935	79885.71357699104	0.12747105916222634	0.5455662117420539	763.4874103160442	131.0
186.0	0.10227665894025084	0.6131324620992228	0.28459087896052637	58.07295749317683	1.9074902637127382	53.494999854214484	87279.80665891618	0.5288797589668888	0.5977819559833497	820.3835417350181	133.0
187.0	0.09444069051152176	0.5661570655090274	0.3394022439794509	58.102297723580065	2.0688587617718097	53.172661754007095	87323.90308085617	0.5567822583182329	0.6002055507217512	820.3835417350178	133.0
188.0	0.08593700001798064	0.5151787803043794	0.39888421967764	59.694275546725834	2.132502486902893	52.69067779433226	89716.54024981333	0.567651837412043	0.6236380157547696	843.8685284393985	140.0
190.0	0.06785420882418661	0.40677529507952376	0.5253704960962895	59.71914628397236	2.2770147645401226	52.532210358091106	89753.9193197289	0.5918373333243131	0.624769926013635	843.8685284393985	140.0
191.0	0.10507622718158866	0.8135670661985558	0.08135670661985557	52.05210001818313	0.1930865808092316	61.63942086352472	78230.85687191621	0.07243153811342318	0.5258506087421175	748.8546290204248	130.0
192.0	0.10264161723118405	0.7947167655376319	0.10264161723118405	52.815350380315614	0.21107503591309762	60.553509827987	79377.97158614612	0.07892488092443195	0.5377594669619312	759.5401861977965	131.0
193.0	0.0996592998161435	0.7716257648906985	0.12871493529315803	53.372927371495045	0.24442694822705624	59.84721839083795	80215.97285366067	0.09079890962685522	0.543151004650092	767.4346344342921	131.0
194.0	0.09605467557532285	0.7437164684969038	0.16022885592777342	53.38869840232952	0.28780829781234923	59.612258430854126	80239.67566786995	0.10604612299921434	0.5449445921308845	767.4346344342921	131.0
195.0	0.0917677743469281	0.7105245491730321	0.19770767648003987	53.568654028026444	0.28782336998345676	59.51978969229822	80510.13704776192	0.10605135967062906	0.5490925023310741	770.2257433751681	132.0
196.0	0.08676641856059489	0.671800867677783	0.24143271376162212	53.568654028026444	0.28782336998345676	59.51978969229822	80510.13704776192	0.10605135967062906	0.5490925023310741	770.2257433751681	132.0
197.0	0.0810605936254258	0.6276227374074047	0.29131666896716946	58.56747605345067	1.81549111541171	53.54123422349244	88023.0352836167	0.5116001065385949	0.5974343291466734	828.2779899715136	133.0
198.0	0.07471481917380622	0.5784897104436568	0.34679547038253683	60.04864944911894	2.083379326267978	52.69067779433226	90249.14074100529	0.5592855329810728	0.628938888772308	849.4507463211507	142.0
199.0	0.06785420882418661	0.5253704960962895	0.40677529507952376	60.04864944911894	2.083379326267978	52.69067779433226	90249.14074100529	0.5592855329810728	0.628938888772308	849.4507463211507	142.0
200.0	0.060660200189049086	0.4696698999054755	0.4696698999054755	59.88141540104131	2.1803710611447054	52.600346716756576	89997.79904922529	0.5758598262612142	0.6269478956258399	846.6596373802747	141.0
201.0	0.4547586742192613	0.2726206628903694	0.2726206628903694	50.35089346553528	0.8029878315493173	60.516226543048106	75674.05616102713	0.2693800324247432	0.5272169801324367	719.589066429186	128.0
202.0	0.42127472175874514	0.2525475607518618	0.3261777174893931	50.35659239256756	0.8029878315493173	60.5081631074936	75682.62127069283	0.2693800324247432	0.5272799757227062	719.589066429186	128.0
203.0	0.38469169408405	0.2306166118319001	0.38469169408405	54.27494460627981	3.084667859027819	54.50293252121901	81571.64498150561	0.702245691917676	0.5741958396779765	759.0613076116637	128.0
204.0	0.345897014454267	0.20735981239767615	0.446743173148057	55.50300130783592	2.7576365119460915	53.52818156094145	83417.3328215058	0.6617719990855404	0.5818110815551449	778.7974282029026	128.0
205.0	0.30603643517366125	0.1834640229103635	0.5104995419159752	55.79946955171082	2.7576578270616436	53.33355958075117	83862.90494531144	0.6617748010604474	0.5833315657753815	782.7446523211503	128.0
206.0	0.2663882773948615	0.15969557676781265	0.573916145837326	56.06905722542005	2.8415830032456566	53.161804530449444	84268.07735351424	0.67296757894672	0.5846734021058637	786.6918764393981	128.0
207.0	0.2282040251752266	0.13680471895193544	0.634991255872838	56.927739292898266	3.2456205564630127	52.71789524299675	85558.61959668796	0.7217363343072489	0.5881414434140879	798.5335487941417	128.0
208.0	0.19255587038063504	0.11543421159964617	0.6920099180197187	57.10306879290101	3.198057940230834	52.67166087371879	85822.1282162316	0.7165001411823385	0.591692551366521	801.3246577350178	129.0
209.0	0.16022885592777342	0.09605467557532285	0.7437164684969036	57.857922176728856	3.2617456991494027	52.48026651696273	86956.62282853138	0.7235745326753424	0.6054115299476486	812.4890934985224	133.0
210.0	0.1316772417697237	0.07893843256638876	0.7893843256638876	57.857922176728856	3.2617456991494027	52.48026651696273	86956.62282853138	0.7235745326753424	0.6054115299476486	812.4890934985224	133.0
211.0	0.42127472175874514	0.3261777174893931	0.2525475607518618	50.326627900563224	0.7637342714110181	60.60655762062379	75637.58662493575	0.25802817479933104	0.5265112685888766	719.589066429186	128.0
214.0	0.32617771748939317	0.2525475607518618	0.42127472175874514	55.50300130783592	2.7576365119460915	53.52818156094145	83417.3328215058	0.6617719990855404	0.5818110815551449	778.7974282029026	128.0
215.0	0.29049802290662763	0.2249220690272719	0.4845799080661005	55.79946955171082	2.7576578270616436	53.33355958075117	83862.90494531144	0.6617748010604474	0.5833315657753815	782.7446523211503	128.0
216.0	0.25453722967015097	0.19707893282386293	0.5483838375059862	56.053172435806495	2.7576791421771962	53.19699413389753	84244.20356739868	0.6617776030121418	0.5843984833289255	786.6918764393982	128.0
217.0	0.21945113544484324	0.16991304429807913	0.6106358202570776	56.927739292898266	3.2456205564630127	52.71789524299675	85558.61959668796	0.7217363343072489	0.5881414434140879	798.5335487941417	128.0
218.0	0.18628643654969995	0.14423482239651478	0.6694787410537852	57.10306879290101	3.198057940230834	52.67166087371879	85822.1282162316	0.7165001411823385	0.591692551366521	801.3246577350178	129.0
219.0	0.15586393194986448	0.12067978194866265	0.7234562861014728	57.799086521575404	2.9158659517342267	52.54325512392097	86868.19673783249	0.6826028086570035	0.6049379313990905	812.4890934985224	133.0
220.0	0.12871493529315806	0.09965929981614352	0.7716257648906986	57.857922176728856	3.2617456991494027	52.48026651696273	86956.62282853138	0.7235745326753424	0.6054115299476486	812.4890934985224	133.0
221.0	0.38469169408405	0.38469169408405	0.2306166118319001	50.326627900563224	0.7637342714110181	60.60655762062379	75637.58662493575	0.25802817479933104	0.5265112685888766	719.589066429186	128.0
225.0	0.27262066289036935	0.27262066289036935	0.4547586742192612	55.79946955171082	2.7576578270616436	53.33355958075117	83862.90494531144	0.6617748010604474	0.5833315657753815	782.7446523211503	128.0
226.0	0.2407066363082784	0.2407066363082784	0.5185867273834431	56.053172435806495	2.7576791421771962	53.19699413389753	84244.20356739868	0.6617776030121418	0.5843984833289255	786.6918764393982	128.0
228.0	0.17876891510895468	0.17876891510895468	0.6424621697820907	57.799086521575404	2.9158659517342267	52.54325512392097	86868.19673783249	0.6826028086570035	0.6049379313990905	812.4890934985224	133.0
229.0	0.15056638178790077	0.15056638178790077	0.6988672364241986	57.799086521575404	2.9158659517342267	52.54325512392097	86868.19673783249	0.6826028086570035	0.6049379313990905	812.4890934985224	133.0
230.0	0.12508063787386264	0.12508063787386264	0.7498387242522748	57.799086521575404	2.9158659517342267	52.54325512392097	86868.19673783249	0.6826028086570035	0.6049379313990905	812.4890934985224	133.0
231.0	0.34589701445426696	0.4467431731480569	0.20735981239767612	50.326627900563224	0.7637342714110181	60.60655762062379	75637.58662493575	0.25802817479933104	0.5265112685888766	719.589066429186	128.0
232.0	0.3261777174893931	0.4212747217587451	0.25254756075186174	50.33232682759551	0.7637342714110181	60.598494185069285	75646.15173460146	0.25802817479933104	0.5265742641791462	719.589066429186	128.0
235.0	0.2525475607518618	0.3261777174893931	0.4212747217587451	55.79946955171082	2.7576578270616436	53.33355958075117	83862.90494531144	0.6617748010604474	0.5833315657753815	782.7446523211503	128.0
238.0	0.16991304429807913	0.21945113544484324	0.6106358202570775	57.799086521575404	2.9158659517342267	52.54325512392097	86868.19673783249	0.6826028086570035	0.6049379313990905	812.4890934985224	133.0
240.0	0.12067978194866265	0.15586393194986448	0.723456286101473	57.799086521575404	2.9158659517342267	52.54325512392097	86868.19673783249	0.6826028086570035	0.6049379313990905	812.4890934985224	133.0
241.0	0.30603643517366125	0.5104995419159752	0.1834640229103635	50.31083941721242	0.704234025569795	60.78721977577516	75613.85758075099	0.2405256145021667	0.5250998455017566	719.589066429186	128.0
242.0	0.29049802290662763	0.4845799080661005	0.2249220690272719	50.33232682759551	0.7637342714110181	60.598494185069285	75646.15173460146	0.25802817479933104	0.5265742641791462	719.589066429186	128.0
244.0	0.2525475607518618	0.4212747217587451	0.3261777174893931	55.480863230162484	2.6135487757472884	53.6724908376882	83384.06075783719	0.6418519466362258	0.5806836653305609	778.7974282029027	128.0
245.0	0.2306166118319001	0.38469169408404996	0.38469169408404996	55.78433863644463	2.687280174365642	53.40169593941664	83840.16418238128	0.6521163458841155	0.5827992504733075	782.7446523211503	128.0
246.0	0.20735981239767612	0.3458970144542669	0.44674317314805695	56.228501935809255	2.710116525945017	53.15075976461958	84507.71218694236	0.6554131436588533	0.5879786064758172	789.4829853802744	129.0
247.0	0.18346402291036354	0.3060364351736613	0.5104995419159754	56.228501935809255	2.710116525945017	53.15075976461958	84507.71218694236	0.6554131436588533	0.5879786064758172	789.4829853802744	129.0
248.0	0.15969557676781268	0.26638827739486154	0.5739161458373259	57.94900913571936	2.73081420886192	52.57844472736906	87093.52049162652	0.6582988354322122	0.6076235468106786	815.2802024393986	134.0
249.0	0.13680471895193547	0.2282040251752266	0.634991255872838	57.964893925332916	2.81471806993038	52.54325512392097	87117.39427774206	0.6696039052394853	0.6078861557916345	815.2802024393985	134.0
250.0	0.11543421159964616	0.192555870380635	0.6920099180197189	57.964893925332916	2.81471806993038	52.54325512392097	87117.39427774206	0.6696039052394853	0.6078861557916345	815.2802024393985	134.0
251.0	0.2663882773948615	0.5739161458373259	0.15969557676781262	50.31083941721242	0.704234025569795	60.78721977577516	75613.85758075099	0.2405256145021667	0.5250998455017566	719.589066429186	128.0
252.0	0.25453722967015097	0.5483838375059861	0.1970789328238629	50.31083941721242	0.704234025569795	60.78721977577516	75613.85758075099	0.2405256145021667	0.5250998455017566	719.589066429186	128.0
253.0	0.2407066363082784	0.5185867273834431	0.2407066363082784	50.33232682759551	0.7637342714110181	60.598494185069285	75646.15173460146	0.25802817479933104	0.5265742641791462	719.589066429186	128.0
255.0	0.20735981239767612	0.44674317314805695	0.3458970144542669	56.437304774194004	2.3890367313075367	53.35546157013869	84821.52901581998	0.6089419462316035	0.5863917707741186	793.4302094985221	129.0
257.0	0.16843540425738773	0.3628830779616602	0.4686815177809521	56.70613857355587	2.459435699119091	53.15075976461958	85225.5684008374	0.6198022219724791	0.5879786064758172	797.3774336167701	129.0
258.0	0.14818660303625023	0.31925835817928155	0.5325550387844681	58.11746968821466	2.637441466249875	52.57844472736906	87346.70553826672	0.6454986013576806	0.6105300390565255	818.0713113802747	135.0
260.0	0.10929825153192438	0.23547594466020838	0.6552258038078673	58.13335447782822	2.7213453273183354	52.54325512392097	87370.57932438227	0.6572271626679602	0.6107907027857706	818.0713113802747	135.0
261.0	0.2282040251752266	0.634991255872838	0.13680471895193544	50.28158293477473	0.6694149355348011	60.96185989485093	75569.88702645329	0.2301318883178166	0.5237354695714771	719.589066429186	128.0
262.0	0.21945113544484324	0.6106358202570776	0.16991304429807913	50.31083941721242	0.704234025569795	60.78721977577516	75613.85758075099	0.2405256145021667	0.5250998455017566	719.589066429186	128.0
263.0	0.20909306417365264	0.5818138716526947	0.20909306417365264	50.82425364506905	0.6342141198964442	60.462348593333445	76385.48514162608	0.2193127856420306	0.5276379016145825	727.4835146656815	128.0
265.0	0.18346402291036354	0.5104995419159754	0.3060364351736613	56.292410254256666	2.1598329609328126	53.80638953889161	84603.7621544103	0.5731288604135119	0.58610469585468	792.2740943211506	130.0
266.0	0.16843540425738773	0.4686815177809521	0.3628830779616602	56.86264667400731	2.32124408922299	53.21889612328505	85460.78970413611	0.5984173226015392	0.5906238759747304	800.1685425576462	130.0
268.0	0.13556798050355104	0.37722595878838805	0.48720606070806094	58.28910870393229	2.569627509049777	52.57844472736906	87604.6676044956	0.6359548184483623	0.6133937887693451	820.8624203211507	136.0
270.0	0.10227665894025084	0.2845908789605263	0.6131324620992229	58.28910870393229	2.569627509049777	52.57844472736906	87604.6676044956	0.6359548184483623	0.6133937887693451	820.8624203211507	136.0
271.0	0.19255587038063504	0.6920099180197187	0.11543421159964617	50.250496787743415	0.589721478034032	61.4055134187729	75523.16660752194	0.2056773358498698	0.5202694264158367	719.589066429186	128.0
272.0	0.18628643654969995	0.6694787410537852	0.14423482239651478	50.77513713379159	0.5480419783599374	60.82571430311509	76311.6662800921	0.19256289979062768	0.5247991070069133	727.4835146656815	128.0
273.0	0.17876891510895468	0.6424621697820907	0.17876891510895468	50.80439361622928	0.5828610683949312	60.65107418403932	76355.6368343898	0.2034638320455363	0.5261634829371928	727.4835146656815	128.0
274.0	0.16991304429807916	0.6106358202570776	0.21945113544484326	52.252344657276026	0.533623113785872	59.51406586722442	78531.81129440392	0.1879313972101767	0.5421994933290429	748.8546290204249	130.0
275.0	0.15969557676781268	0.5739161458373259	0.26638827739486154	52.252344657276026	0.533623113785872	59.51406586722442	78531.81129440392	0.1879313972101767	0.5421994933290429	748.8546290204249	130.0
276.0	0.14818660303625023	0.5325550387844682	0.3192583581792816	57.209526733438324	2.2217965349018027	53.21889612328505	85982.12744596766	0.5824704467225359	0.5968265445205678	805.7507604393985	132.0
277.0	0.13556798050355104	0.48720606070806094	0.37722595878838805	57.209526733438324	2.2217965349018027	53.21889612328505	85982.12744596766	0.5824704467225359	0.5968265445205678	805.7507604393985	132.0
278.0	0.12213550519427406	0.438932247402863	0.438932247402863	57.386464385020844	2.209307311414365	53.172661754007095	86248.05301076466	0.5804358513809814	0.6002055507217512	808.5418693802746	133.0
279.0	0.10827898408105559	0.38913449249338117	0.5025865234255633	58.80898590867398	2.4161258305281836	52.57844472736906	88386.0085913321	0.6134191788622181	0.6217378077167693	829.235747143779	139.0
280.0	0.09444069051152175	0.3394022439794508	0.5661570655090274	58.80898590867398	2.4161258305281836	52.57844472736906	88386.0085913321	0.6134191788622181	0.6217378077167693	829.235747143779	139.0
281.0	0.16022885592777342	0.7437164684969036	0.09605467557532285	50.46971063053519	0.44544798325134194	61.94946427450486	75852.6304860935	0.15957250915346322	0.5160198103554308	723.5362905474337	128.0
282.0	0.15586393194986448	0.7234562861014728	0.12067978194866265	51.015896980106604	0.47721705140533593	60.871948672393046	76673.51237412088	0.16992228073750903	0.5244379009969293	731.4307387839293	128.0
285.0	0.13680471895193547	0.634991255872838	0.2282040251752266	52.49377729633129	0.471869324254836	59.51406586722442	78894.66855133578	0.16811915158783053	0.5421994933290429	752.8018531386728	130.0
287.0	0.1187063631843454	0.5509861298352405	0.3303075069804139	57.386464385020844	2.209307311414365	53.172661754007095	86248.05301076466	0.5804358513809814	0.6002055507217512	808.5418693802746	133.0
288.0	0.10827898408105557	0.5025865234255633	0.3891344924933811	57.386464385020844	2.209307311414365	53.172661754007095	86248.05301076466	0.5804358513809814	0.6002055507217512	808.5418693802746	133.0
290.0	0.08593700001798063	0.39888421967764	0.5151787803043794	59.54290801089474	2.3072175154543944	52.532210358091106	89489.04487447746	0.5966213813636624	0.6220704290784813	841.0774194985224	139.0
291.0	0.1316772417697237	0.7893843256638875	0.07893843256638874	51.87518895236525	0.21421819429993771	61.685655232802674	77964.97126376165	0.08004365455381757	0.5218166261023048	746.0635200795487	129.0
292.0	0.12871493529315803	0.7716257648906985	0.0996592998161435	51.888328454505185	0.2606606645357982	61.262134548560425	77984.71906473256	0.0965659443350223	0.5250997321817021	746.0635200795485	129.0
293.0	0.12508063787386262	0.7498387242522747	0.12508063787386262	52.13733640708026	0.30138127729937103	60.64597856654291	78358.9615158741	0.1108393114271976	0.5334924725650545	748.8546290204247	130.0
294.0	0.12067978194866263	0.7234562861014728	0.15586393194986445	53.38869840232952	0.28780829781234923	59.612258430854126	80239.67566786995	0.10604612299921434	0.5449445921308845	767.4346344342921	131.0
295.0	0.11543421159964615	0.6920099180197188	0.19255587038063499	53.38869840232952	0.28780829781234923	59.612258430854126	80239.67566786995	0.10604612299921434	0.5449445921308845	767.4346344342921	131.0
296.0	0.10929825153192436	0.6552258038078672	0.23547594466020835	53.15318429838406	0.3500663059609092	59.530826261790935	79885.71357699104	0.12747105916222634	0.5455662117420539	763.4874103160442	131.0
297.0	0.10227665894025084	0.6131324620992229	0.2845908789605263	58.07295749317683	1.9074902637127382	53.494999854214484	87279.80665891618	0.5288797589668888	0.5977819559833497	820.3835417350181	133.0
298.0	0.09444069051152175	0.5661570655090274	0.3394022439794508	58.102297723580065	2.0688587617718097	53.172661754007095	87323.90308085617	0.5567822583182329	0.6002055507217512	820.3835417350178	133.0
299.0	0.08593700001798063	0.5151787803043794	0.39888421967764	59.694275546725834	2.132502486902893	52.69067779433226	89716.54024981333	0.567651837412043	0.6236380157547696	843.8685284393985	140.0
300.0	0.07698416085601242	0.4615079195719937	0.4615079195719937	59.704015368706166	2.2066371118441204	52.600346716756576	89731.17855679874	0.5801817238868756	0.624283237737453	843.8685284393985	140.0
301.0	0.5185867273834431	0.24070663630827838	0.24070663630827838	50.326627900563224	0.7637342714110181	60.60655762062379	75637.58662493575	0.25802817479933104	0.5265112685888766	719.589066429186	128.0
302.0	0.48457990806610046	0.22492206902727188	0.2904980229066276	50.35089346553528	0.8029878315493173	60.516226543048106	75674.05616102713	0.2693800324247432	0.5272169801324367	719.589066429186	128.0
303.0	0.4467431731480569	0.20735981239767612	0.34589701445426696	50.39676260187265	0.8348310551566692	60.43272815115051	75742.99443322736	0.27846829892565705	0.5278693113191366	719.589066429186	128.0
304.0	0.4058179879358806	0.18836402412823885	0.4058179879358806	54.28736437569583	3.155045511723821	54.44895432204794	81590.31107188866	0.7105123828189241	0.5746175443590005	759.0613076116637	128.0
305.0	0.3628830779616602	0.16843540425738773	0.4686815177809522	55.50300130783592	2.7576365119460915	53.52818156094145	83417.3328215058	0.6617719990855404	0.5818110815551449	778.7974282029026	128.0
306.0	0.3192583581792815	0.1481866030362502	0.5325550387844683	55.81535434132438	2.841561688130104	53.29836997730308	83886.77873142698	0.6729648696966688	0.5836064845523197	782.7446523211504	128.0
307.0	0.2763504603978773	0.12827052111465376	0.595379018487469	56.06905722542005	2.8415830032456566	53.161804530449444	84268.07735351424	0.67296757894672	0.5846734021058637	786.6918764393981	128.0
308.0	0.23547594466020838	0.10929825153192438	0.6552258038078672	56.927739292898266	3.2456205564630127	52.71789524299675	85558.61959668796	0.7217363343072489	0.5881414434140879	798.5335487941417	128.0
309.0	0.1977076764800399	0.0917677743469281	0.710524549173032	57.120364537050015	3.2895874781241865	52.654906636038504	85848.12257351098	0.7267503987108864	0.5918224291779961	801.3246577350178	129.0
310.0	0.16378010464139997	0.07601999048714546	0.7601999048714545	57.857922176728856	3.2617456991494027	52.48026651696273	86956.62282853138	0.7235745326753424	0.6054115299476486	812.4890934985224	133.0
311.0	0.48457990806610046	0.2904980229066276	0.22492206902727188	50.326627900563224	0.7637342714110181	60.60655762062379	75637.58662493575	0.25802817479933104	0.5265112685888766	719.589066429186	128.0
312.0	0.45475867421926125	0.27262066289036935	0.27262066289036935	50.35089346553528	0.8029878315493173	60.516226543048106	75674.05616102713	0.2693800324247432	0.5272169801324367	719.589066429186	128.0
313.0	0.4212747217587451	0.25254756075186174	0.3261777174893931	50.35659239256756	0.8029878315493173	60.5081631074936	75682.62127069283	0.2693800324247432	0.5272799757227062	719.589066429186	128.0
314.0	0.38469169408404996	0.23061661183190008	0.38469169408404996	54.27494460627981	3.084667859027819	54.50293252121901	81571.64498150561	0.702245691917676	0.5741958396779765	759.0613076116637	128.0
315.0	0.345897014454267	0.20735981239767615	0.44674317314805695	55.50300130783592	2.7576365119460915	53.52818156094145	83417.3328215058	0.6617719990855404	0.5818110815551449	778.7974282029026	128.0
316.0	0.30603643517366125	0.18346402291036348	0.5104995419159752	55.79946955171082	2.7576578270616436	53.33355958075117	83862.90494531144	0.6617748010604474	0.5833315657753815	782.7446523211503	128.0
317.0	0.26638827739486154	0.15969557676781265	0.5739161458373259	56.06905722542005	2.8415830032456566	53.161804530449444	84268.07735351424	0.67296757894672	0.5846734021058637	786.6918764393981	128.0
318.0	0.2282040251752266	0.13680471895193544	0.6349912558728379	56.927739292898266	3.2456205564630127	52.71789524299675	85558.61959668796	0.7217363343072489	0.5881414434140879	798.5335487941417	128.0
319.0	0.19255587038063504	0.11543421159964617	0.6920099180197188	57.10306879290101	3.198057940230834	52.67166087371879	85822.1282162316	0.7165001411823385	0.591692551366521	801.3246577350178	129.0
320.0	0.16022885592777342	0.09605467557532285	0.7437164684969038	57.857922176728856	3.2617456991494027	52.48026651696273	86956.62282853138	0.7235745326753424	0.6054115299476486	812.4890934985224	133.0
321.0	0.4467431731480569	0.34589701445426696	0.20735981239767612	50.326627900563224	0.7637342714110181	60.60655762062379	75637.58662493575	0.25802817479933104	0.5265112685888766	719.589066429186	128.0
322.0	0.4212747217587451	0.3261777174893931	0.25254756075186174	50.326627900563224	0.7637342714110181	60.60655762062379	75637.58662493575	0.25802817479933104	0.5265112685888766	719.589066429186	128.0
325.0	0.3261777174893931	0.2525475607518618	0.4212747217587451	55.50300130783592	2.7576365119460915	53.52818156094145	83417.3328215058	0.6617719990855404	0.5818110815551449	778.7974282029026	128.0
328.0	0.21945113544484324	0.16991304429807913	0.6106358202570775	56.927739292898266	3.2456205564630127	52.71789524299675	85558.61959668796	0.7217363343072489	0.5881414434140879	798.5335487941417	128.0
330.0	0.15586393194986448	0.12067978194866265	0.723456286101473	57.799086521575404	2.9158659517342267	52.54325512392097	86868.19673783249	0.6826028086570035	0.6049379313990905	812.4890934985224	133.0
331.0	0.4058179879358806	0.4058179879358806	0.18836402412823885	50.326627900563224	0.7637342714110181	60.60655762062379	75637.58662493575	0.25802817479933104	0.5265112685888766	719.589066429186	128.0
332.0	0.38469169408404996	0.38469169408404996	0.23061661183190008	50.326627900563224	0.7637342714110181	60.60655762062379	75637.58662493575	0.25802817479933104	0.5265112685888766	719.589066429186	128.0
334.0	0.33333333333333337	0.33333333333333337	0.33333333333333337	50.39493908288358	0.8242944686898149	60.44307524518081	75740.2538050301	0.27550383967054926	0.5277884746470249	719.589066429186	128.0
335.0	0.30380826716022774	0.30380826716022774	0.39238346567954446	55.4905815384199	2.6872588592500897	53.58215976011252	83398.66673112275	0.6521134638952149	0.581389376874121	778.7974282029026	128.0
338.0	0.20909306417365267	0.20909306417365267	0.5818138716526947	56.228501935809255	2.710116525945017	53.15075976461958	84507.71218694236	0.6554131436588533	0.5879786064758172	789.4829853802744	129.0
341.0	0.3628830779616602	0.4686815177809522	0.16843540425738773	50.31083941721242	0.704234025569795	60.78721977577516	75613.85758075099	0.2405256145021667	0.5250998455017566	719.589066429186	128.0
342.0	0.345897014454267	0.44674317314805695	0.20735981239767615	50.326627900563224	0.7637342714110181	60.60655762062379	75637.58662493575	0.25802817479933104	0.5265112685888766	719.589066429186	128.0
343.0	0.32617771748939317	0.42127472175874514	0.2525475607518618	50.33232682759551	0.7637342714110181	60.598494185069285	75646.15173460146	0.25802817479933104	0.5265742641791462	719.589066429186	128.0
344.0	0.30380826716022774	0.39238346567954446	0.30380826716022774	50.35659239256756	0.8029878315493173	60.5081631074936	75682.62127069283	0.2693800324247432	0.5272799757227062	719.589066429186	128.0
347.0	0.2249220690272719	0.29049802290662763	0.48457990806610046	56.053172435806495	2.7576791421771962	53.19699413389753	84244.20356739868	0.6617776030121418	0.5843984833289255	786.6918764393982	128.0
348.0	0.19707893282386296	0.254537229670151	0.5483838375059861	56.228501935809255	2.710116525945017	53.15075976461958	84507.71218694236	0.6554131436588533	0.5879786064758172	789.4829853802744	129.0
349.0	0.16991304429807916	0.21945113544484324	0.6106358202570776	57.799086521575404	2.9158659517342267	52.54325512392097	86868.19673783249	0.6826028086570035	0.6049379313990905	812.4890934985224	133.0
350.0	0.14423482239651478	0.18628643654969992	0.6694787410537854	57.799086521575404	2.9158659517342267	52.54325512392097	86868.19673783249	0.6826028086570035	0.6049379313990905	812.4890934985224	133.0
351.0	0.3192583581792815	0.5325550387844683	0.1481866030362502	50.28158293477473	0.6694149355348011	60.96185989485093	75569.88702645329	0.2301318883178166	0.5237354695714771	719.589066429186	128.0
352.0	0.30603643517366125	0.5104995419159752	0.18346402291036348	50.31083941721242	0.704234025569795	60.78721977577516	75613.85758075099	0.2405256145021667	0.5250998455017566	719.589066429186	128.0
357.0	0.20735981239767615	0.34589701445426696	0.4467431731480569	56.228501935809255	2.710116525945017	53.15075976461958	84507.71218694236	0.6554131436588533	0.5879786064758172	789.4829853802744	129.0
358.0	0.18346402291036354	0.3060364351736613	0.5104995419159752	56.228501935809255	2.710116525945017	53.15075976461958	84507.71218694236	0.6554131436588533	0.5879786064758172	789.4829853802744	129.0
360.0	0.13680471895193544	0.22820402517522656	0.634991255872838	57.964893925332916	2.81471806993038	52.54325512392097	87117.39427774206	0.6696039052394853	0.6078861557916345	815.2802024393985	134.0
361.0	0.2763504603978773	0.595379018487469	0.12827052111465376	50.28158293477473	0.6694149355348011	60.96185989485093	75569.88702645329	0.2301318883178166	0.5237354695714771	719.589066429186	128.0
362.0	0.26638827739486154	0.5739161458373259	0.15969557676781265	50.31083941721242	0.704234025569795	60.78721977577516	75613.85758075099	0.2405256145021667	0.5250998455017566	719.589066429186	128.0
365.0	0.2249220690272719	0.48457990806610046	0.29049802290662763	51.401206165369175	0.6735103102658476	59.871505802431784	77252.6065454066	0.2312697093878887	0.5322538609185017	735.3779629021772	128.0
366.0	0.20735981239767615	0.4467431731480569	0.34589701445426696	56.437304774194004	2.3890367313075367	53.35546157013869	84821.52901581998	0.6089419462316035	0.5863917707741186	793.4302094985221	129.0
367.0	0.1883640241282389	0.4058179879358806	0.4058179879358806	56.69100765828968	2.389058046423089	53.21889612328505	85202.82763790723	0.6089451858653739	0.5874504176489531	797.3774336167701	129.0
368.0	0.16843540425738776	0.3628830779616602	0.46868151778095213	56.70613857355587	2.459435699119091	53.15075976461958	85225.5684008374	0.6198022219724791	0.5879786064758172	797.3774336167701	129.0
370.0	0.12827052111465376	0.2763504603978772	0.595379018487469	58.11746968821466	2.637441466249875	52.57844472736906	87346.70553826672	0.6454986013576806	0.6105300390565255	818.0713113802747	135.0
371.0	0.23547594466020838	0.6552258038078672	0.10929825153192438	50.250496787743415	0.589721478034032	61.4055134187729	75523.16660752194	0.2056773358498698	0.5202694264158367	719.589066429186	128.0
372.0	0.2282040251752266	0.6349912558728379	0.13680471895193544	50.28158293477473	0.6694149355348011	60.96185989485093	75569.88702645329	0.2301318883178166	0.5237354695714771	719.589066429186	128.0
373.0	0.21945113544484324	0.6106358202570775	0.16991304429807913	50.31083941721242	0.704234025569795	60.78721977577516	75613.85758075099	0.2405256145021667	0.5250998455017566	719.589066429186	128.0
374.0	0.20909306417365264	0.5818138716526946	0.20909306417365264	50.82425364506905	0.6342141198964442	60.462348593333445	76385.48514162608	0.2193127856420306	0.5276379016145825	727.4835146656815	128.0
375.0	0.19707893282386293	0.548383837505986	0.25453722967015097	51.8794169747253	0.5904197023986156	59.650631314078055	77971.32570118079	0.20574198767000984	0.5339794428587652	743.2724111386727	128.0
376.0	0.1834640229103635	0.5104995419159751	0.30603643517366125	56.292410254256666	2.1598329609328126	53.80638953889161	84603.7621544103	0.5731288604135119	0.58610469585468	792.2740943211506	130.0
377.0	0.16843540425738776	0.46868151778095213	0.3628830779616602	56.86264667400731	2.32124408922299	53.21889612328505	85460.78970413611	0.5984173226015392	0.5906238759747304	800.1685425576462	130.0
378.0	0.1523201681175398	0.4238399159412301	0.4238399159412301	56.86264667400731	2.32124408922299	53.21889612328505	85460.78970413611	0.5984173226015392	0.5906238759747304	800.1685425576462	130.0
379.0	0.13556798050355104	0.377225958788388	0.48720606070806094	58.28910870393229	2.569627509049777	52.57844472736906	87604.6676044956	0.6359548184483623	0.6133937887693451	820.8624203211507	136.0
380.0	0.1187063631843454	0.33030750698041383	0.5509861298352406	58.28910870393229	2.569627509049777	52.57844472736906	87604.6676044956	0.6359548184483623	0.6133937887693451	820.8624203211507	136.0
381.0	0.1977076764800399	0.710524549173032	0.0917677743469281	50.22827799147993	0.5072017727823779	61.94946427450486	75489.77322916164	0.17958830337231735	0.5160198103554308	719.589066429186	128.0
382.0	0.19255587038063504	0.6920099180197188	0.11543421159964617	50.250496787743415	0.589721478034032	61.4055134187729	75523.16660752194	0.2056773358498698	0.5202694264158367	719.589066429186	128.0
384.0	0.17876891510895465	0.6424621697820906	0.17876891510895465	50.80439361622928	0.5828610683949312	60.65107418403932	76355.6368343898	0.2034638320455363	0.5261634829371928	727.4835146656815	128.0
385.0	0.16991304429807913	0.6106358202570775	0.2194511354448432	52.252344657276026	0.533623113785872	59.51406586722442	78531.81129440392	0.1879313972101767	0.5421994933290429	748.8546290204249	130.0
386.0	0.15969557676781265	0.5739161458373258	0.26638827739486154	52.252344657276026	0.533623113785872	59.51406586722442	78531.81129440392	0.1879313972101767	0.5421994933290429	748.8546290204249	130.0
388.0	0.13556798050355104	0.48720606070806094	0.377225958788388	57.209526733438324	2.2217965349018027	53.21889612328505	85982.12744596766	0.5824704467225359	0.5968265445205678	805.7507604393985	132.0
390.0	0.10827898408105555	0.38913449249338106	0.5025865234255633	58.80898590867398	2.4161258305281836	52.57844472736906	88386.0085913321	0.6134191788622181	0.6217378077167693	829.235747143779	139.0
391.0	0.16378010464139997	0.7601999048714545	0.07601999048714546	50.46971063053519	0.44544798325134194	61.94946427450486	75852.6304860935	0.15957250915346322	0.5160198103554308	723.5362905474337	128.0
392.0	0.16022885592777342	0.7437164684969038	0.09605467557532285	50.46971063053519	0.44544798325134194	61.94946427450486	75852.6304860935	0.15957250915346322	0.5160198103554308	723.5362905474337	128.0
393.0	0.15586393194986445	0.7234562861014728	0.12067978194866263	51.015896980106604	0.47721705140533593	60.871948672393046	76673.51237412088	0.16992228073750903	0.5244379009969293	731.4307387839293	128.0
395.0	0.14423482239651478	0.6694787410537854	0.18628643654969992	52.490759322216874	0.4593650285962906	59.56030023650237	78890.1327362408	0.1640605515273741	0.5418438443345972	752.8018531386728	130.0
396.0	0.13680471895193544	0.634991255872838	0.22820402517522656	52.49377729633129	0.471869324254836	59.51406586722442	78894.66855133578	0.16811915158783053	0.5421994933290429	752.8018531386728	130.0
397.0	0.12827052111465376	0.595379018487469	0.2763504603978772	56.892993197783355	2.060406721727178	53.66982409203797	85506.3985183291	0.5561814546997779	0.5934104235451669	801.8035363211507	132.0
398.0	0.1187063631843454	0.5509861298352406	0.33030750698041383	57.386464385020844	2.209307311414365	53.172661754007095	86248.05301076466	0.5804358513809814	0.6002055507217512	808.5418693802746	133.0
399.0	0.10827898408105555	0.5025865234255633	0.38913449249338106	57.386464385020844	2.209307311414365	53.172661754007095	86248.05301076466	0.5804358513809814	0.6002055507217512	808.5418693802746	133.0
401.0	0.5818138716526947	0.20909306417365262	0.20909306417365262	50.30867305498559	0.7637342714110181	60.65279198990174	75610.60168188733	0.25802817479933104	0.5261500625788926	719.589066429186	128.0
402.0	0.5483838375059861	0.19707893282386293	0.25453722967015097	50.35089346553528	0.8029878315493173	60.516226543048106	75674.05616102713	0.2693800324247432	0.5272169801324367	719.589066429186	128.0
403.0	0.5104995419159752	0.1834640229103635	0.30603643517366125	50.35089346553528	0.8029878315493173	60.516226543048106	75674.05616102713	0.2693800324247432	0.5272169801324367	719.589066429186	128.0
404.0	0.4686815177809522	0.16843540425738773	0.3628830779616602	50.39676260187265	0.8348310551566692	60.43272815115051	75742.99443322736	0.27846829892565705	0.5278693113191366	719.589066429186	128.0
405.0	0.4238399159412301	0.15232016811753976	0.4238399159412301	54.28736437569583	3.155045511723821	54.44895432204794	81590.31107188866	0.7105123828189241	0.5746175443590005	759.0613076116637	128.0
406.0	0.37722595878838805	0.135567980503551	0.487206060708061	55.50300130783592	2.7576365119460915	53.52818156094145	83417.3328215058	0.6617719990855404	0.5818110815551449	778.7974282029026	128.0
407.0	0.33030750698041395	0.11870636318434541	0.5509861298352406	55.81535434132438	2.841561688130104	53.29836997730308	83886.77873142698	0.6729648696966688	0.5836064845523197	782.7446523211504	128.0
408.0	0.2845908789605263	0.10227665894025084	0.6131324620992228	56.06905722542005	2.8415830032456566	53.161804530449444	84268.07735351424	0.67296757894672	0.5846734021058637	786.6918764393981	128.0
409.0	0.2414327137616221	0.0867664185605949	0.6718008676777829	56.927739292898266	3.2456205564630127	52.71789524299675	85558.61959668796	0.7217363343072489	0.5881414434140879	798.5335487941417	128.0
410.0	0.20188989004186905	0.07255546454164827	0.7255546454164827	57.120364537050015	3.2895874781241865	52.654906636038504	85848.12257351098	0.7267503987108864	0.5918224291779961	801.3246577350178	129.0
411.0	0.5483838375059861	0.25453722967015097	0.19707893282386293	50.30867305498559	0.7637342714110181	60.65279198990174	75610.60168188733	0.25802817479933104	0.5261500625788926	719.589066429186	128.0
412.0	0.5185867273834431	0.24070663630827843	0.24070663630827843	50.326627900563224	0.7637342714110181	60.60655762062379	75637.58662493575	0.25802817479933104	0.5265112685888766	719.589066429186	128.0
413.0	0.4845799080661005	0.2249220690272719	0.29049802290662763	50.35089346553528	0.8029878315493173	60.516226543048106	75674.05616102713	0.2693800324247432	0.5272169801324367	719.589066429186	128.0
414.0	0.44674317314805695	0.20735981239767615	0.345897014454267	50.39676260187265	0.8348310551566692	60.43272815115051	75742.99443322736	0.27846829892565705	0.5278693113191366	719.589066429186	128.0
415.0	0.4058179879358806	0.18836402412823888	0.4058179879358806	54.28736437569583	3.155045511723821	54.44895432204794	81590.31107188866	0.7105123828189241	0.5746175443590005	759.0613076116637	128.0
416.0	0.36288307796166014	0.16843540425738773	0.4686815177809522	55.50300130783592	2.7576365119460915	53.52818156094145	83417.3328215058	0.6617719990855404	0.5818110815551449	778.7974282029026	128.0
417.0	0.31925835817928155	0.14818660303625023	0.5325550387844683	55.81535434132438	2.841561688130104	53.29836997730308	83886.77873142698	0.6729648696966688	0.5836064845523197	782.7446523211504	128.0
418.0	0.27635046039787725	0.12827052111465376	0.5953790184874689	56.06905722542005	2.8415830032456566	53.161804530449444	84268.07735351424	0.67296757894672	0.5846734021058637	786.6918764393981	128.0
419.0	0.23547594466020835	0.10929825153192438	0.6552258038078672	56.927739292898266	3.2456205564630127	52.71789524299675	85558.61959668796	0.7217363343072489	0.5881414434140879	798.5335487941417	128.0
420.0	0.19770767648003987	0.0917677743469281	0.7105245491730321	57.120364537050015	3.2895874781241865	52.654906636038504	85848.12257351098	0.7267503987108864	0.5918224291779961	801.3246577350178	129.0
421.0	0.5104995419159752	0.30603643517366125	0.1834640229103635	50.30867305498559	0.7637342714110181	60.65279198990174	75610.60168188733	0.25802817479933104	0.5261500625788926	719.589066429186	128.0
422.0	0.4845799080661005	0.29049802290662763	0.2249220690272719	50.326627900563224	0.7637342714110181	60.60655762062379	75637.58662493575	0.25802817479933104	0.5265112685888766	719.589066429186	128.0
424.0	0.4212747217587451	0.2525475607518618	0.3261777174893931	50.35659239256756	0.8029878315493173	60.5081631074936	75682.62127069283	0.2693800324247432	0.5272799757227062	719.589066429186	128.0
425.0	0.38469169408404996	0.2306166118319001	0.38469169408404996	54.27494460627981	3.084667859027819	54.50293252121901	81571.64498150561	0.702245691917676	0.5741958396779765	759.0613076116637	128.0
426.0	0.3458970144542669	0.20735981239767612	0.44674317314805695	55.50300130783592	2.7576365119460915	53.52818156094145	83417.3328215058	0.6617719990855404	0.5818110815551449	778.7974282029026	128.0
427.0	0.3060364351736613	0.18346402291036354	0.5104995419159754	55.79946955171082	2.7576578270616436	53.33355958075117	83862.90494531144	0.6617748010604474	0.5833315657753815	782.7446523211503	128.0
428.0	0.26638827739486154	0.15969557676781268	0.5739161458373259	56.06905722542005	2.8415830032456566	53.161804530449444	84268.07735351424	0.67296757894672	0.5846734021058637	786.6918764393981	128.0
429.0	0.2282040251752266	0.13680471895193547	0.634991255872838	56.927739292898266	3.2456205564630127	52.71789524299675	85558.61959668796	0.7217363343072489	0.5881414434140879	798.5335487941417	128.0
430.0	0.192555870380635	0.11543421159964616	0.6920099180197189	57.10306879290101	3.198057940230834	52.67166087371879	85822.1282162316	0.7165001411823385	0.591692551366521	801.3246577350178	129.0
431.0	0.4686815177809522	0.3628830779616602	0.16843540425738773	50.30867305498559	0.7637342714110181	60.65279198990174	75610.60168188733	0.25802817479933104	0.5261500625788926	719.589066429186	128.0
432.0	0.44674317314805695	0.345897014454267	0.20735981239767615	50.326627900563224	0.7637342714110181	60.60655762062379	75637.58662493575	0.25802817479933104	0.5265112685888766	719.589066429186	128.0
433.0	0.42127472175874514	0.32617771748939317	0.2525475607518618	50.326627900563224	0.7637342714110181	60.60655762062379	75637.58662493575	0.25802817479933104	0.5265112685888766	719.589066429186	128.0
434.0	0.39238346567954446	0.30380826716022774	0.30380826716022774	50.35659239256756	0.8029878315493173	60.5081631074936	75682.62127069283	0.2693800324247432	0.5272799757227062	719.589066429186	128.0
437.0	0.29049802290662763	0.2249220690272719	0.48457990806610046	55.79946955171082	2.7576578270616436	53.33355958075117	83862.90494531144	0.6617748010604474	0.5833315657753815	782.7446523211503	128.0
438.0	0.254537229670151	0.19707893282386296	0.5483838375059861	56.053172435806495	2.7576791421771962	53.19699413389753	84244.20356739868	0.6617776030121418	0.5843984833289255	786.6918764393982	128.0
439.0	0.21945113544484324	0.16991304429807916	0.6106358202570776	56.927739292898266	3.2456205564630127	52.71789524299675	85558.61959668796	0.7217363343072489	0.5881414434140879	798.5335487941417	128.0
440.0	0.18628643654969992	0.14423482239651478	0.6694787410537854	57.10306879290101	3.198057940230834	52.67166087371879	85822.1282162316	0.7165001411823385	0.591692551366521	801.3246577350178	129.0
441.0	0.4238399159412301	0.4238399159412301	0.15232016811753976	50.29288457163479	0.704234025569795	60.83345414505311	75586.87263770257	0.2405256145021668	0.5247386394917726	719.589066429186	128.0
442.0	0.4058179879358806	0.4058179879358806	0.18836402412823888	50.326627900563224	0.7637342714110181	60.60655762062379	75637.58662493575	0.25802817479933104	0.5265112685888766	719.589066429186	128.0
443.0	0.38469169408404996	0.38469169408404996	0.2306166118319001	50.326627900563224	0.7637342714110181	60.60655762062379	75637.58662493575	0.25802817479933104	0.5265112685888766	719.589066429186	128.0
444.0	0.36045600360293495	0.36045600360293495	0.27908799279413005	50.35659239256756	0.8029878315493173	60.5081631074936	75682.62127069283	0.2693800324247432	0.5272799757227062	719.589066429186	128.0
449.0	0.20909306417365264	0.20909306417365264	0.5818138716526947	56.228501935809255	2.710116525945017	53.15075976461958	84507.71218694236	0.6554131436588533	0.5879786064758172	789.4829853802744	129.0
451.0	0.37722595878838805	0.487206060708061	0.135567980503551	50.28158293477473	0.6694149355348011	60.96185989485093	75569.88702645329	0.2301318883178166	0.5237354695714771	719.589066429186	128.0
452.0	0.36288307796166014	0.4686815177809522	0.16843540425738773	50.31083941721242	0.704234025569795	60.78721977577516	75613.85758075099	0.2405256145021667	0.5250998455017566	719.589066429186	128.0
453.0	0.3458970144542669	0.44674317314805695	0.20735981239767612	50.326627900563224	0.7637342714110181	60.60655762062379	75637.58662493575	0.25802817479933104	0.5265112685888766	719.589066429186	128.0
455.0	0.3038082671602278	0.3923834656795446	0.3038082671602278	50.35659239256756	0.8029878315493173	60.5081631074936	75682.62127069283	0.2693800324247432	0.5272799757227062	719.589066429186	128.0
456.0	0.27908799279413	0.360456003602935	0.360456003602935	55.4905815384199	2.6872588592500897	53.58215976011252	83398.66673112275	0.6521134638952149	0.581389376874121	778.7974282029026	128.0
457.0	0.25254756075186174	0.3261777174893931	0.42127472175874503	55.79946955171082	2.7576578270616436	53.33355958075117	83862.90494531144	0.6617748010604474	0.5833315657753815	782.7446523211503	128.0
458.0	0.22492206902727194	0.2904980229066277	0.4845799080661004	56.053172435806495	2.7576791421771962	53.19699413389753	84244.20356739868	0.6617776030121418	0.5843984833289255	786.6918764393982	128.0
459.0	0.19707893282386293	0.254537229670151	0.5483838375059861	56.228501935809255	2.710116525945017	53.15075976461958	84507.71218694236	0.6554131436588533	0.5879786064758172	789.4829853802744	129.0
461.0	0.33030750698041395	0.5509861298352406	0.11870636318434541	50.251169580483676	0.5987926154575974	61.359279049494944	75524.17777042506	0.2084920076715301	0.5206306324258207	719.589066429186	128.0
462.0	0.31925835817928155	0.5325550387844683	0.14818660303625023	50.28158293477473	0.6694149355348011	60.96185989485093	75569.88702645329	0.2301318883178166	0.5237354695714771	719.589066429186	128.0
464.0	0.29049802290662763	0.48457990806610046	0.2249220690272719	50.33232682759551	0.7637342714110181	60.598494185069285	75646.15173460146	0.25802817479933104	0.5265742641791462	719.589066429186	128.0
466.0	0.25254756075186174	0.42127472175874503	0.3261777174893931	55.480863230162484	2.6135487757472884	53.6724908376882	83384.06075783719	0.6418519466362258	0.5806836653305609	778.7974282029027	128.0
467.0	0.23061661183190008	0.3846916940840499	0.3846916940840499	55.78433863644463	2.687280174365642	53.40169593941664	83840.16418238128	0.6521163458841155	0.5827992504733075	782.7446523211503	128.0
470.0	0.15969557676781265	0.2663882773948615	0.5739161458373259	57.94900913571936	2.73081420886192	52.57844472736906	87093.52049162652	0.6582988354322122	0.6076235468106786	815.2802024393986	134.0
471.0	0.2845908789605263	0.6131324620992228	0.10227665894025084	50.22827799147993	0.5072017727823779	61.94946427450486	75489.77322916164	0.17958830337231735	0.5160198103554308	719.589066429186	128.0
472.0	0.27635046039787725	0.5953790184874689	0.12827052111465376	50.28158293477473	0.6694149355348011	60.96185989485093	75569.88702645329	0.2301318883178166	0.5237354695714771	719.589066429186	128.0
473.0	0.2663882773948615	0.5739161458373258	0.15969557676781265	50.31083941721242	0.704234025569795	60.78721977577516	75613.85758075099	0.2405256145021667	0.5250998455017566	719.589066429186	128.0
474.0	0.25453722967015097	0.548383837505986	0.19707893282386293	50.31083941721242	0.704234025569795	60.78721977577516	75613.85758075099	0.2405256145021667	0.5250998455017566	719.589066429186	128.0
476.0	0.22492206902727188	0.48457990806610035	0.29049802290662763	51.401206165369175	0.6735103102658476	59.871505802431784	77252.6065454066	0.2312697093878887	0.5322538609185017	735.3779629021772	128.0
477.0	0.20735981239767612	0.44674317314805684	0.3458970144542669	56.437304774194004	2.3890367313075367	53.35546157013869	84821.52901581998	0.6089419462316035	0.5863917707741186	793.4302094985221	129.0
478.0	0.18836402412823888	0.40581798793588053	0.40581798793588053	56.69100765828968	2.389058046423089	53.21889612328505	85202.82763790723	0.6089451858653739	0.5874504176489531	797.3774336167701	129.0
479.0	0.16843540425738776	0.36288307796166014	0.4686815177809522	56.70613857355587	2.459435699119091	53.15075976461958	85225.5684008374	0.6198022219724791	0.5879786064758172	797.3774336167701	129.0
480.0	0.1481866030362502	0.31925835817928144	0.5325550387844683	58.11746968821466	2.637441466249875	52.57844472736906	87346.70553826672	0.6454986013576806	0.6105300390565255	818.0713113802747	135.0
481.0	0.2414327137616221	0.6718008676777829	0.0867664185605949	50.22827799147993	0.5072017727823779	61.94946427450486	75489.77322916164	0.17958830337231735	0.5160198103554308	719.589066429186	128.0
482.0	0.23547594466020835	0.6552258038078672	0.10929825153192438	50.250496787743415	0.589721478034032	61.4055134187729	75523.16660752194	0.2056773358498698	0.5202694264158367	719.589066429186	128.0
483.0	0.22820402517522653	0.6349912558728379	0.13680471895193544	50.28158293477473	0.6694149355348011	60.96185989485093	75569.88702645329	0.2301318883178166	0.5237354695714771	719.589066429186	128.0
484.0	0.2194511354448432	0.6106358202570775	0.16991304429807913	50.31083941721242	0.704234025569795	60.78721977577516	75613.85758075099	0.2405256145021667	0.5250998455017566	719.589066429186	128.0
486.0	0.1970789328238629	0.548383837505986	0.25453722967015097	51.8794169747253	0.5904197023986156	59.650631314078055	77971.32570118079	0.20574198767000984	0.5339794428587652	743.2724111386727	128.0
487.0	0.18346402291036348	0.5104995419159751	0.3060364351736612	56.292410254256666	2.1598329609328126	53.80638953889161	84603.7621544103	0.5731288604135119	0.58610469585468	792.2740943211506	130.0
488.0	0.16843540425738776	0.4686815177809522	0.36288307796166014	56.86264667400731	2.32124408922299	53.21889612328505	85460.78970413611	0.5984173226015392	0.5906238759747304	800.1685425576462	130.0
489.0	0.15232016811753976	0.42383991594123016	0.42383991594123016	56.86264667400731	2.32124408922299	53.21889612328505	85460.78970413611	0.5984173226015392	0.5906238759747304	800.1685425576462	130.0
490.0	0.135567980503551	0.377225958788388	0.48720606070806094	58.28910870393229	2.569627509049777	52.57844472736906	87604.6676044956	0.6359548184483623	0.6133937887693451	820.8624203211507	136.0
491.0	0.20188989004186905	0.7255546454164827	0.07255546454164827	50.22827799147993	0.5072017727823779	61.94946427450486	75489.77322916164	0.17958830337231735	0.5160198103554308	719.589066429186	128.0
492.0	0.19770767648003987	0.7105245491730321	0.0917677743469281	50.22827799147993	0.5072017727823779	61.94946427450486	75489.77322916164	0.17958830337231735	0.5160198103554308	719.589066429186	128.0
493.0	0.192555870380635	0.6920099180197189	0.11543421159964616	50.250496787743415	0.589721478034032	61.4055134187729	75523.16660752194	0.2056773358498698	0.5202694264158367	719.589066429186	128.0
494.0	0.18628643654969992	0.6694787410537854	0.14423482239651478	50.77513713379159	0.5480419783599374	60.82571430311509	76311.6662800921	0.19256289979062768	0.5247991070069133	727.4835146656815	128.0
495.0	0.17876891510895468	0.6424621697820908	0.17876891510895468	50.80439361622928	0.5828610683949312	60.65107418403932	76355.6368343898	0.2034638320455363	0.5261634829371928	727.4835146656815	128.0
497.0	0.15969557676781265	0.5739161458373259	0.2663882773948615	52.252344657276026	0.533623113785872	59.51406586722442	78531.81129440392	0.1879313972101767	0.5421994933290429	748.8546290204249	130.0
498.0	0.14818660303625023	0.5325550387844684	0.3192583581792815	57.209526733438324	2.2217965349018027	53.21889612328505	85982.12744596766	0.5824704467225359	0.5968265445205678	805.7507604393985	132.0
499.0	0.13556798050355104	0.48720606070806105	0.37722595878838805	57.209526733438324	2.2217965349018027	53.21889612328505	85982.12744596766	0.5824704467225359	0.5968265445205678	805.7507604393985	132.0
500.0	0.12213550519427402	0.438932247402863	0.438932247402863	57.386464385020844	2.209307311414365	53.172661754007095	86248.05301076466	0.5804358513809814	0.6002055507217512	808.5418693802746	133.0
501.0	0.6424621697820907	0.17876891510895462	0.17876891510895462	50.30867305498559	0.7637342714110181	60.65279198990174	75610.60168188733	0.25802817479933104	0.5261500625788926	719.589066429186	128.0
502.0	0.6106358202570776	0.1699130442980791	0.21945113544484318	50.30867305498559	0.7637342714110181	60.65279198990174	75610.60168188733	0.25802817479933104	0.5261500625788926	719.589066429186	128.0
503.0	0.5739161458373259	0.15969557676781262	0.2663882773948615	50.35089346553528	0.8029878315493173	60.516226543048106	75674.05616102713	0.2693800324247432	0.5272169801324367	719.589066429186	128.0
504.0	0.5325550387844682	0.14818660303625017	0.31925835817928144	50.35089346553528	0.8029878315493173	60.516226543048106	75674.05616102713	0.2693800324247432	0.5272169801324367	719.589066429186	128.0
505.0	0.48720606070806094	0.135567980503551	0.377225958788388	54.28736437569583	3.155045511723821	54.44895432204794	81590.31107188866	0.7105123828189241	0.5746175443590005	759.0613076116637	128.0
506.0	0.43893224740286296	0.12213550519427399	0.43893224740286296	54.28736437569583	3.155045511723821	54.44895432204794	81590.31107188866	0.7105123828189241	0.5746175443590005	759.0613076116637	128.0
507.0	0.38913449249338117	0.10827898408105553	0.5025865234255632	55.50300130783592	2.7576365119460915	53.52818156094145	83417.3328215058	0.6617719990855404	0.5818110815551449	778.7974282029026	128.0
508.0	0.3394022439794509	0.09444069051152175	0.5661570655090273	55.81535434132438	2.841561688130104	53.29836997730308	83886.77873142698	0.6729648696966688	0.5836064845523197	782.7446523211504	128.0
509.0	0.2913166689671695	0.0810605936254258	0.6276227374074046	56.06905722542005	2.8415830032456566	53.161804530449444	84268.07735351424	0.67296757894672	0.5846734021058637	786.6918764393981	128.0
510.0	0.2462559647940383	0.06852218501872379	0.6852218501872379	56.94503503704727	3.3371500943563652	52.70114100531646	85584.61395396732	0.7317972713605649	0.5882723358959652	798.5335487941416	128.0
511.0	0.6106358202570776	0.21945113544484318	0.1699130442980791	50.30867305498559	0.7637342714110181	60.65279198990174	75610.60168188733	0.25802817479933104	0.5261500625788926	719.589066429186	128.0
512.0	0.5818138716526947	0.2090930641736526	0.2090930641736526	50.30867305498559	0.7637342714110181	60.65279198990174	75610.60168188733	0.25802817479933104	0.5261500625788926	719.589066429186	128.0
513.0	0.5483838375059861	0.1970789328238629	0.25453722967015097	50.35089346553528	0.8029878315493173	60.516226543048106	75674.05616102713	0.2693800324247432	0.5272169801324367	719.589066429186	128.0
514.0	0.5104995419159752	0.18346402291036346	0.3060364351736612	50.35089346553528	0.8029878315493173	60.516226543048106	75674.05616102713	0.2693800324247432	0.5272169801324367	719.589066429186	128.0
515.0	0.46868151778095213	0.1684354042573877	0.3628830779616601	50.39676260187265	0.8348310551566692	60.43272815115051	75742.99443322736	0.27846829892565705	0.5278693113191366	719.589066429186	128.0
516.0	0.4238399159412301	0.15232016811753973	0.4238399159412301	54.28736437569583	3.155045511723821	54.44895432204794	81590.31107188866	0.7105123828189241	0.5746175443590005	759.0613076116637	128.0
517.0	0.377225958788388	0.135567980503551	0.48720606070806083	55.50300130783592	2.7576365119460915	53.52818156094145	83417.3328215058	0.6617719990855404	0.5818110815551449	778.7974282029026	128.0
518.0	0.330307506980414	0.11870636318434541	0.5509861298352405	55.81535434132438	2.841561688130104	53.29836997730308	83886.77873142698	0.6729648696966688	0.5836064845523197	782.7446523211504	128.0
519.0	0.28459087896052637	0.10227665894025084	0.6131324620992228	56.06905722542005	2.8415830032456566	53.161804530449444	84268.07735351424	0.67296757894672	0.5846734021058637	786.6918764393981	128.0
520.0	0.24143271376162212	0.08676641856059489	0.671800867677783	56.927739292898266	3.2456205564630127	52.71789524299675	85558.61959668796	0.7217363343072489	0.5881414434140879	798.5335487941417	128.0
521.0	0.5739161458373259	0.2663882773948615	0.15969557676781262	50.30867305498559	0.7637342714110181	60.65279198990174	75610.60168188733	0.25802817479933104	0.5261500625788926	719.589066429186	128.0
522.0	0.5483838375059861	0.25453722967015097	0.1970789328238629	50.30867305498559	0.7637342714110181	60.65279198990174	75610.60168188733	0.25802817479933104	0.5261500625788926	719.589066429186	128.0
523.0	0.5185867273834431	0.2407066363082784	0.2407066363082784	50.326627900563224	0.7637342714110181	60.60655762062379	75637.58662493575	0.25802817479933104	0.5265112685888766	719.589066429186	128.0
525.0	0.44674317314805695	0.20735981239767612	0.3458970144542669	50.39676260187265	0.8348310551566692	60.43272815115051	75742.99443322736	0.27846829892565705	0.5278693113191366	719.589066429186	128.0
527.0	0.3628830779616602	0.16843540425738773	0.4686815177809521	55.50300130783592	2.7576365119460915	53.52818156094145	83417.3328215058	0.6617719990855404	0.5818110815551449	778.7974282029026	128.0
528.0	0.31925835817928155	0.14818660303625023	0.5325550387844681	55.81535434132438	2.841561688130104	53.29836997730308	83886.77873142698	0.6729648696966688	0.5836064845523197	782.7446523211504	128.0
530.0	0.23547594466020838	0.10929825153192438	0.6552258038078673	56.927739292898266	3.2456205564630127	52.71789524299675	85558.61959668796	0.7217363343072489	0.5881414434140879	798.5335487941417	128.0
531.0	0.5325550387844683	0.3192583581792815	0.1481866030362502	50.29288457163479	0.704234025569795	60.83345414505311	75586.87263770257	0.2405256145021668	0.5247386394917726	719.589066429186	128.0
532.0	0.5104995419159752	0.30603643517366125	0.18346402291036348	50.30867305498559	0.7637342714110181	60.65279198990174	75610.60168188733	0.25802817479933104	0.5261500625788926	719.589066429186	128.0
537.0	0.34589701445426696	0.20735981239767615	0.4467431731480569	55.50300130783592	2.7576365119460915	53.52818156094145	83417.3328215058	0.6617719990855404	0.5818110815551449	778.7974282029026	128.0
538.0	0.3060364351736613	0.18346402291036354	0.5104995419159752	55.79946955171082	2.7576578270616436	53.33355958075117	83862.90494531144	0.6617748010604474	0.5833315657753815	782.7446523211503	128.0
540.0	0.22820402517522656	0.13680471895193544	0.634991255872838	56.927739292898266	3.2456205564630127	52.71789524299675	85558.61959668796	0.7217363343072489	0.5881414434140879	798.5335487941417	128.0
541.0	0.487206060708061	0.37722595878838805	0.135567980503551	50.28158293477473	0.6694149355348011	60.96185989485093	75569.88702645329	0.2301318883178166	0.5237354695714771	719.589066429186	128.0
542.0	0.4686815177809522	0.36288307796166014	0.16843540425738773	50.30867305498559	0.7637342714110181	60.65279198990174	75610.60168188733	0.25802817479933104	0.5261500625788926	719.589066429186	128.0
543.0	0.44674317314805695	0.3458970144542669	0.20735981239767612	50.326627900563224	0.7637342714110181	60.60655762062379	75637.58662493575	0.25802817479933104	0.5265112685888766	719.589066429186	128.0
545.0	0.3923834656795446	0.3038082671602278	0.3038082671602278	50.35659239256756	0.8029878315493173	60.5081631074936	75682.62127069283	0.2693800324247432	0.5272799757227062	719.589066429186	128.0
546.0	0.360456003602935	0.27908799279413	0.360456003602935	55.4905815384199	2.6872588592500897	53.58215976011252	83398.66673112275	0.6521134638952149	0.581389376874121	778.7974282029026	128.0
547.0	0.3261777174893931	0.25254756075186174	0.42127472175874503	55.50300130783592	2.7576365119460915	53.52818156094145	83417.3328215058	0.6617719990855404	0.5818110815551449	778.7974282029026	128.0
548.0	0.2904980229066277	0.22492206902727194	0.4845799080661004	55.79946955171082	2.7576578270616436	53.33355958075117	83862.90494531144	0.6617748010604474	0.5833315657753815	782.7446523211503	128.0
549.0	0.254537229670151	0.19707893282386293	0.5483838375059861	56.053172435806495	2.7576791421771962	53.19699413389753	84244.20356739868	0.6617776030121418	0.5843984833289255	786.6918764393982	128.0
551.0	0.43893224740286296	0.43893224740286296	0.12213550519427399	50.28158293477473	0.6694149355348011	60.96185989485093	75569.88702645329	0.2301318883178166	0.5237354695714771	719.589066429186	128.0
552.0	0.4238399159412301	0.4238399159412301	0.15232016811753973	50.29288457163479	0.704234025569795	60.83345414505311	75586.87263770257	0.2405256145021668	0.5247386394917726	719.589066429186	128.0
555.0	0.360456003602935	0.360456003602935	0.27908799279413	50.35659239256756	0.8029878315493173	60.5081631074936	75682.62127069283	0.2693800324247432	0.5272799757227062	719.589066429186	128.0
557.0	0.3038082671602278	0.3038082671602278	0.39238346567954446	55.4905815384199	2.6872588592500897	53.58215976011252	83398.66673112275	0.6521134638952149	0.581389376874121	778.7974282029026	128.0
558.0	0.2726206628903694	0.2726206628903694	0.4547586742192612	55.79946955171082	2.7576578270616436	53.33355958075117	83862.90494531144	0.6617748010604474	0.5833315657753815	782.7446523211503	128.0
559.0	0.24070663630827846	0.24070663630827846	0.5185867273834431	56.053172435806495	2.7576791421771962	53.19699413389753	84244.20356739868	0.6617776030121418	0.5843984833289255	786.6918764393982	128.0
561.0	0.3891344924933812	0.5025865234255633	0.10827898408105556	50.251169580483676	0.5987926154575974	61.359279049494944	75524.17777042506	0.2084920076715301	0.5206306324258207	719.589066429186	128.0
562.0	0.3772259587883881	0.48720606070806094	0.135567980503551	50.28158293477473	0.6694149355348011	60.96185989485093	75569.88702645329	0.2301318883178166	0.5237354695714771	719.589066429186	128.0
563.0	0.3628830779616602	0.4686815177809521	0.16843540425738773	50.31083941721242	0.704234025569795	60.78721977577516	75613.85758075099	0.2405256145021667	0.5250998455017566	719.589066429186	128.0
564.0	0.34589701445426696	0.4467431731480569	0.20735981239767615	50.326627900563224	0.7637342714110181	60.60655762062379	75637.58662493575	0.25802817479933104	0.5265112685888766	719.589066429186	128.0
565.0	0.3261777174893931	0.42127472175874503	0.25254756075186174	50.33232682759551	0.7637342714110181	60.598494185069285	75646.15173460146	0.25802817479933104	0.5265742641791462	719.589066429186	128.0
566.0	0.3038082671602278	0.39238346567954446	0.3038082671602278	50.35659239256756	0.8029878315493173	60.5081631074936	75682.62127069283	0.2693800324247432	0.5272799757227062	719.589066429186	128.0
567.0	0.2790879927941301	0.360456003602935	0.360456003602935	55.4905815384199	2.6872588592500897	53.58215976011252	83398.66673112275	0.6521134638952149	0.581389376874121	778.7974282029026	128.0
568.0	0.25254756075186185	0.3261777174893931	0.4212747217587451	55.79946955171082	2.7576578270616436	53.33355958075117	83862.90494531144	0.6617748010604474	0.5833315657753815	782.7446523211503	128.0
569.0	0.22492206902727194	0.29049802290662763	0.48457990806610046	56.053172435806495	2.7576791421771962	53.19699413389753	84244.20356739868	0.6617776030121418	0.5843984833289255	786.6918764393982	128.0
570.0	0.19707893282386296	0.25453722967015097	0.5483838375059862	56.228501935809255	2.710116525945017	53.15075976461958	84507.71218694236	0.6554131436588533	0.5879786064758172	789.4829853802744	129.0
571.0	0.3394022439794509	0.5661570655090273	0.09444069051152175	50.22827799147993	0.5072017727823779	61.94946427450486	75489.77322916164	0.17958830337231735	0.5160198103554308	719.589066429186	128.0
572.0	0.330307506980414	0.5509861298352405	0.11870636318434541	50.251169580483676	0.5987926154575974	61.359279049494944	75524.17777042506	0.2084920076715301	0.5206306324258207	719.589066429186	128.0
573.0	0.31925835817928155	0.5325550387844681	0.14818660303625023	50.28158293477473	0.6694149355348011	60.96185989485093	75569.88702645329	0.2301318883178166	0.5237354695714771	719.589066429186	128.0
574.0	0.30603643517366125	0.5104995419159751	0.1834640229103635	50.31083941721242	0.704234025569795	60.78721977577516	75613.85758075099	0.2405256145021667	0.5250998455017566	719.589066429186	128.0
575.0	0.29049802290662763	0.48457990806610035	0.22492206902727188	50.33232682759551	0.7637342714110181	60.598494185069285	75646.15173460146	0.25802817479933104	0.5265742641791462	719.589066429186	128.0
576.0	0.2726206628903694	0.45475867421926114	0.2726206628903694	50.35659239256756	0.8029878315493173	60.5081631074936	75682.62127069283	0.2693800324247432	0.5272799757227062	719.589066429186	128.0
577.0	0.25254756075186185	0.4212747217587451	0.3261777174893931	55.480863230162484	2.6135487757472884	53.6724908376882	83384.06075783719	0.6418519466362258	0.5806836653305609	778.7974282029027	128.0
578.0	0.23061661183190013	0.3846916940840499	0.3846916940840499	55.78433863644463	2.687280174365642	53.40169593941664	83840.16418238128	0.6521163458841155	0.5827992504733075	782.7446523211503	128.0
579.0	0.20735981239767617	0.3458970144542669	0.4467431731480569	56.228501935809255	2.710116525945017	53.15075976461958	84507.71218694236	0.6554131436588533	0.5879786064758172	789.4829853802744	129.0
580.0	0.18346402291036354	0.3060364351736612	0.5104995419159754	56.228501935809255	2.710116525945017	53.15075976461958	84507.71218694236	0.6554131436588533	0.5879786064758172	789.4829853802744	129.0
581.0	0.2913166689671695	0.6276227374074046	0.0810605936254258	50.22827799147993	0.5072017727823779	61.94946427450486	75489.77322916164	0.17958830337231735	0.5160198103554308	719.589066429186	128.0
582.0	0.28459087896052637	0.6131324620992228	0.10227665894025084	50.22827799147993	0.5072017727823779	61.94946427450486	75489.77322916164	0.17958830337231735	0.5160198103554308	719.589066429186	128.0
584.0	0.26638827739486154	0.5739161458373258	0.15969557676781265	50.31083941721242	0.704234025569795	60.78721977577516	75613.85758075099	0.2405256145021667	0.5250998455017566	719.589066429186	128.0
585.0	0.25453722967015097	0.548383837505986	0.1970789328238629	50.31083941721242	0.704234025569795	60.78721977577516	75613.85758075099	0.2405256145021667	0.5250998455017566	719.589066429186	128.0
